Shaozhi Ye,Google,ShaozhiYe.html
Jim Shuma,Google,JimShuma.html
Esteban Real,Google,EstebanReal.html
Liz Fong-Jones,Google,105479.html
Ariel Gutman,Google,105627.html
Rianne van den Berg,Google,RiannevandenBerg.html
Ryan McDonald,Google,author32317.html
Jason Schiller,Google,JasonSchiller.html
Anton Raichuk,Google,AntonRaichuk.html
Vikas Sindhwani,Google,VikasSindhwani.html
Stefan Heule,Google,StefanHeule.html
Orhan Firat,Google,105696.html
Sherol Chen,Google,105793.html
Andrew Ferraiuolo,Google,106061.html
ALEXEY KOLESNIKOV,Google,106615.html
Xavi Gonzalvo,Google,XaviGonzalvo.html
Deborah Cohen,Google,105826.html
Beryl Nelson,Google,BerylNelson.html
Eduardo Pinheiro,Google,author1777.html
Yu Zhang,Google,105680.html
Rami Barends,Google,RamiBarends.html
Forrester Cole,Google,ForresterCole.html
Jaehoon Lee,Google,JaehoonLee.html
Larry Lindsey,Google,LarryLindsey.html
Wolf-Dietrich Weber,Google,author10649.html
Shuang Song,Google,106460.html
Janara Christensen,Google,106418.html
Karol Kurach,Google,KarolKurach.html
Ming-Hsuan Yang,Google,105989.html
Ni Lao,Google,105037.html
Greg Dennis,Google,GregDennis.html
Viet Dang,Google,106409.html
Krzysztof Choromanski,Google,KrzysztofChoromanski.html
Surojit Chatterjee,Google,106271.html
J. Chase Kew,Google,JChaseKew.html
Kurt Alfred Kluever,Google,author37822.html
Dmitry Lizorkin,Google,author39292.html
Dan Moldovan,Google,DanMoldovan.html
Shawn Hershey,Google,105584.html
Alexey Gritsenko,Google,AlexeyGritsenko.html
Marianne Berkovich,Google,MarianneBerkovich.html
Jennifer Wang,Google,105485.html
Honggang Sheng,Google,HonggangSheng.html
Yoel Drori,Google,105618.html
Yueqing Wang,Google,105228.html
RJ Skerry-Ryan,Google,RJSkerryRyan.html
Gleb Skobeltsyn,Google,GlebSkobeltsyn.html
Yossi Matias,Google,YossiMatias.html
Jonas Jongejan,Google,JonasJongejan.html
Simon Glass,Google,SimonGlass.html
Hong Liu,Google,author3723.html
Rohit Prabhavalkar,Google,RohitPrabhavalkar.html
Daniel Andor,Google,DanielAndor.html
Dan B Goldman,Google,DanBGoldman.html
David Rybach,Google,DavidRybach.html
Elizeu Santos-Neto,Google,ElizeuSantosNeto.html
Martin Churchill,Google,MartinChurchill.html
Mona Attariyan,Google,MonaAttariyan.html
Jasper Snoek,Google,105484.html
Abhishek Verma,Google,AbhishekVerma.html
Ashwin Ganti,Google,author37533.html
Tyler Pirtle,Google,TylerPirtle.html
Dave O'Connor,Google,DaveOConnor.html
Xiang Wang,Google,XiangWang.html
Dave Patterson,Google,105290.html
Mukund Sundararajan,Google,MukundSundararajan.html
Hui Lin,Google,HuiLin.html
Dan Garrette,Google,106059.html
Martin Cochran,Google,author38098.html
Yasutaka Furukawa,Google,YasutakaFurukawa.html
Joshua Tabak,Google,JoshuaTabak.html
Eugene Ie,Google,author10168.html
Sébastien Lahaie,Google,105420.html
Venkatesh Basker,Google,VenkateshBasker.html
Flip Korn,Google,106040.html
Sanjay Bhansali,Google,SanjayBhansali.html
An Zhu,Google,author832.html
Rich Washington,Google,RichardWashington.html
Patrick S Ryan,Google,PatrickRyan.html
Emilia Kasper,Google,author58129.html
Nina Taft,Google,NinaTaft.html
Manpreet Singh,Google,105183.html
Wilson C. Hsieh,Google,author1760.html
Karl Schnaitter,Google,104808.html
Sagar Mittal,Google,author39858.html
Alex,Google,author41145.html
Mike Colagrosso,Google,MikeColagrosso.html
Keith B. Hall,Google,author38002.html
Florian Schroff,Google,FlorianSchroff.html
Dave Moore,Google,105874.html
Chelsea Finn,Google,106147.html
Dirk Holz,Google,DirkHolz.html
Abhishek Kumar,Google,106466.html
Ashish Vaswani,Google,AshishVaswani.html
Dale Webster,Google,DaleWebster.html
Gonçalo Simões,Google,105809.html
Pavlos Papageorge,Google,105022.html
Jonathon Shlens,Google,JonathonShlens.html
Ignacio Garcia-Dorado,Google,106636.html
Ben Adlam,Google,BenAdlam.html
Xinliang David Li,Google,XinliangLi.html
Geoff Pike,Google,GeoffPike.html
David Ha,Google,105004.html
Amir Globerson,Google,105825.html
Johan Mathe,Google,JohanMathe.html
Jane Chiu,Google,author15306.html
Emilie Danna,Google,EmilieDanna.html
Gábor Molnár,Google,104924.html
Michał Januszewski,Google,MichalJanuszewski.html
Emma Soederberg,Google,EmmaSoederberg.html
T. V. Raman,Google,author3559.html
Piyush Sharma,Google,PiyushSharma.html
Elad Eban,Google,EladEban.html
Eric Nichols,Google,EricNichols.html
Eugen Hotaj,Google,106494.html
Peyman Milanfar,Google,PeymanMilanfar.html
Philip Haeusser,Google,104975.html
Alyssa Whitlock Lees,Google,106429.html
Alex Irpan,Google,106016.html
Prakash Prabhu,Google,PrakashPrabhu.html
Gokulnath Babu Manoharan,Google,104806.html
Navdeep Jaitly,Google,NavdeepJaitly.html
Manasa Prasad,Google,104955.html
Apostol (Paul) Natsev,Google,ApostolNatsev.html
Urs Hölzle,Google,author79.html
John Elliot Karro,Google,105483.html
Jasper Uijlings,Google,JasperUijlings.html
Hang Qi,Google,HangQi.html
Aiyou Chen,Google,author35860.html
Marc A. Coram,Google,105083.html
Arindrima Datta,Google,ArindrimaDatta.html
Ekin Dogus Cubuk,Google,EkinDogusCubuk.html
Katy Blumer,Google,KatyBlumer.html
Hongjie Bai,Google,author29895.html
Jan Skoglund,Google,JanSkoglund.html
Rico Jonschkowski,Google,RicoJonschkowski.html
Eric Malmi,Google,105882.html
Rodrigo de Oliveira,Google,RodrigodeOliveira.html
Lorenzo Colitti,Google,author35869.html
Sharat Chikkerur,Google,SharatChikkerur.html
Maxim Gurevich,Google,MaximGurevich.html
Ramon Caceres,Google,RamonCaceres.html
Yuxuan Wang,Google,105216.html
Manasi Joshi,Google,106472.html
Alessandro Epasto,Google,AlessandroEpasto.html
Michael J. Procopio,Google,MichaelProcopio.html
Krunal Kishor Patel,Google,105745.html
Matt Trevithick,Google,MattTrevithick.html
Massimiliano Ciaramita,Google,MCiaramita.html
Rick Altherr,Google,105468.html
Christophe Restif,Google,ChristopheRestif.html
Christoph Best,Google,ChristophBest.html
Bernd Bohnet,Google,104855.html
Itay Laish,Google,ItayLaish.html
Alex Rudnick,Google,AlexRudnick.html
Aleksandr Chuklin,Google,AleksandrChuklin.html
Paul A. Tucker,Google,PaulTucker.html
Rami Al-Rfou,Google,104839.html
Martin C. Stumpe,Google,MartinStumpe.html
Sriraman Tallam,Google,author37618.html
David Minnen,Google,DavidMinnen.html
Jean-Michel Picod,Google,JeanMichelPicod.html
Eric Brewer,Google,EricBrewer.html
Carrie Jun Cai,Google,CarrieJunCai.html
Aleksandra Faust,Google,AleksandraFaust.html
Teresa Johnson,Google,106206.html
Donald Metzler,Google,DonaldMetzler.html
Matthias Zenger,Google,author11305.html
Kerwell Liao,Google,KerwellLiao.html
Jim Gao,Google,JimGao.html
Shuo-yiin Chang,Google,105406.html
Jyrki Alakuijala,Google,105344.html
Luc Vincent,Google,author1415.html
Craig Boutilier,Google,CraigBoutilier.html
KK Yap,Google,KKYap.html
HyunJeong Choe,Google,HyunJeongChoe.html
Rob Springer,Google,RobSpringer.html
Balakrishnan Varadarajan,Google,105053.html
Stanislav Angelov,Google,StanislavAngelov.html
Tyler(Lixuan) Zhu,Google,TylerZhu.html
Yutaka I. Leon Suematsu,Google,105455.html
Elie Bursztein,Google,ElieBursztein.html
Andrew Warr,Google,AndrewWarr.html
Channing Moore,Google,ChanningMoore.html
Gaurav Desai,Google,105353.html
Johan Tibell,Google,author39484.html
Benjamin Solnik,Google,105679.html
Kevin Jing,Google,105345.html
Li Wan,Google,105594.html
Vincent Scheib,Google,author2570.html
Siqi Liu,Google,SiqiLiu.html
Anjuli Kannan,Google,AnjuliKannan.html
Ofer Naaman,Google,105699.html
Deepak Ravichandran,Google,author14731.html
Denny Zhou,Google,DennyZhou.html
Yang Li,Google,author38946.html
Zhe Zhao,Google,105547.html
Joëlle Skaf,Google,JoelleSkaf.html
Mateusz Jurczyk,Google,MateuszJurczyk.html
Alexey Kurakin,Google,AlexeyKurakin.html
Menglong Zhu,Google,MenglongZhu.html
Martín Abadi,Google,abadi.html
Eugene Brevdo,Google,EugeneBrevdo.html
Si Si,Google,105487.html
Valliappa Lakshmanan,Google,104918.html
Dimitrios Vardoulakis,Google,DimitriosVardoulakis.html
Shaun Lysen,Google,ShaunLysen.html
Jens Riegelsberger,Google,author35817.html
Stephen DiVerdi,Google,StephenDiVerdi.html
Ketan Mandke,Google,KetanMandke.html
Daniel Silva,Google,DanSilva.html
Chip Killian,Google,ChipKillian.html
Eugene J. Shekita,Google,105862.html
Jeremy Kubica,Google,author16771.html
Peter Kairouz,Google,PeterKairouz.html
Guillaume Chatelet,Google,106221.html
Adam Meyerson,Google,AdamMeyerson.html
Paul Lee,Google,PaulLee.html
Dominic Hamon,Google,DominicHamon.html
Ben Appleton,Google,author1328.html
Carl Vondrick,Google,CarlVondrick.html
Rohit Saboo,Google,RohitSaboo.html
Christopher Shallue,Google,ChristopherShallue.html
Jessica Staddon,Google,JessicaStaddon.html
Tomer Sharon,Google,TomerSharon.html
Ying Xiao,Google,YingXiao.html
Kathy Walrath,Google,KathyWalrath.html
Caroline Tice,Google,CarolineTice.html
Jingjie Zheng,Google,105224.html
Junda Liu,Google,JundaLiu.html
Jason Riesa,Google,JasonRiesa.html
Samantha Ainsley,Google,SamanthaAinsley.html
Nitin Gangahar,Google,NitinGangahar.html
Stephanie Shin-Hui Zhang,Google,105242.html
Bryan Klingner,Google,BryanKlingner.html
Max Saltonstall,Google,MaxSaltonstall.html
Ullas Gargi,Google,UllasGargi.html
Manas Tungare,Google,author35897.html
Yiteng Huang,Google,YitengHuang.html
Erik McDermott,Google,ErikMcDermott.html
Abhinav Rastogi,Google,AbhinavRastogi.html
Makoto Uchida,Google,MakotoUchida.html
Jonathan T Barron,Google,JonathanBarron.html
Jean-Philippe Vert,Google,JeanPhilippeVert.html
Anna Huang,Google,105787.html
Ang Li,Google,AngLi.html
Fabian Pedregosa,Google,FabianPedregosa.html
David H. Alexander,Google,105522.html
Martin Shelton,Google,105296.html
Andres Munoz Medina,Google,105168.html
Umar Syed,Google,author58264.html
Eric Penner,Google,EricPenner.html
Sami Abu-El-Haija,Google,104861.html
Paul Klimov,Google,PaulKlimov.html
Yishay Mansour,Google,105861.html
Marc Levoy,Google,MarcLevoy.html
Adel Ahmadyan,Google,AdelAhmadyan.html
Andrew Rabinovich,Google,AndrewRabinovich.html
Amit Daniely,Google,106046.html
Brian Barritt,Google,BrianBarritt.html
Kevin P. Murphy,Google,KevinMurphy.html
ying sheng,Google,105935.html
Chuck Rosenberg,Google,author30937.html
John Blitzer,Google,author14735.html
Michael Nirschl,Google,MichaelAlexanderNirschl.html
Ted White,Google,105024.html
Marco Cuturi,Google,106184.html
Miles Hutson,Google,106504.html
Wojciech Gajewski,Google,105836.html
Douglas Eck,Google,author39086.html
William Baxter,Google,author7432.html
Andrew Rice,Google,106555.html
Antonella Pavese,Google,AntonellaPavese.html
Gynvael Coldwind,Google,GynvaelColdwind.html
Max Pashkevich,Google,MaxPashkevich.html
James S. Larson,Google,author38117.html
Arunachalam Narayanaswamy,Google,105157.html
Sourish Chaudhuri,Google,SourishChaudhuri.html
Radu Soricut,Google,105783.html
Sarah Loos,Google,SarahLoos.html
Lucy Vasserman,Google,LucyVasserman.html
Philip M Wells,Google,author38014.html
Ananda Theertha Suresh,Google,106051.html
Alireza Shabani,Google,104801.html
Dave Anderson,Google,DaveAnderson.html
Jesse Engel,Google,JesseEngel.html
Ciera Jaspan,Google,CieraJaspan.html
Lucia Terrenghi,Google,LuciaTerrenghi.html
Yuxiang Yang,Google,YuxiangYang.html
Aleksey Shlyapnikov,Google,105695.html
Catherine Olsson,Google,CatherineOlsson.html
Markus Freitag,Google,MarkusFreitag.html
Yu Zhong,Google,YuZhong.html
Burcu Karagol Ayan,Google,BurcuKaragolAyan.html
Divy Thakkar,Google,106305.html
Chris Harrelson,Google,author6357.html
Curtis Hawthorne,Google,CurtisHawthorne.html
James Wexler,Google,105507.html
Dan Gnanapragasam,Google,DanGnanapragasam.html
Nathan Germer,Google,NathanGermer.html
Michael Collis,Google,MichaelCollis.html
Ian Williams,Google,105792.html
Anja Gruenheid,Google,105687.html
Wenbo Zhu,Google,WenboZhu.html
Krzysztof Czuba,Google,author14749.html
Ansley Post,Google,AnsleyPost.html
Aaron Segal,Google,105298.html
Nitesh Goyal,Google,105380.html
Tom Ouyang,Google,TomOuyang.html
Lucy Colwell,Google,106569.html
Jie Yang,Google,JieYang.html
Matt Mathis,Google,MattMathis.html
Alex Scott,Google,AlexScott.html
Peter Collingbourne,Google,PeterCollingbourne.html
Jeremy Maitin-Shepard,Google,JeremyMaitinShepard.html
Vinny Ganeshan,Google,105495.html
Edgar Gonzàlez Pellicer,Google,EdgarGonzlezPellicer.html
Lei Zhang,Google,author836.html
Rajat Monga,Google,RajatMonga.html
Jaeheon Yi,Google,JaeheonYi.html
Xiang Zhou,Google,XiangZhou.html
Kevin Aydin,Google,106559.html
Steve Padgett,Google,StevePadgett.html
Hideto Kazawa,Google,HidetoKazawa.html
Lantian Zheng,Google,LantianZheng.html
Greg Corrado,Google,GregCorrado.html
Yunqing Wang,Google,YunqingWang.html
Jeffrey Korn,Google,JeffreyKorn.html
Luciano Sbaiz,Google,105960.html
Michael J. Brzozowski,Google,MichaelBrzozowski.html
Rajan Patel,Google,author37597.html
Ellen Spertus,Google,author40.html
Theo Vassilakis,Google,author28247.html
Manzil Zaheer,Google,ManzilZaheer.html
David Lo,Google,DavidLo.html
Sean Fanello,Google,SeanFanello.html
Claudio Gentile,Google,106399.html
Aart J.C. Bik,Google,author38459.html
Dmitriy Genzel,Google,author14721.html
Neil Birkbeck,Google,NeilBirkbeck.html
Taedong Yun,Google,TaedongYun.html
Oscar Ramirez,Google,OscarRamirez.html
Arif Merchant,Google,author57990.html
Malcolm Slaney,Google,105191.html
Sean Lip,Google,SeanLip.html
Sergio Boixo,Google,SergioBoixo.html
Inbar Mosseri,Google,InbarMosseri.html
David Ding,Google,DavidDing.html
Yinlam Chow,Google,106512.html
Rob Jackson,Google,105337.html
Louis Yuanlong Shao,Google,LouisYuanlongShao.html
Reena Jana,Google,105797.html
Ashish Bhambhani,Google,105280.html
Jeffrey D. Oldham,Google,JeffreyOldham.html
Hendrik Müller,Google,HendrikMueller.html
Rajagopal Ananthanarayanan (ananth),Google,RajagopalAnanthanarayanan.html
Sundar Dorai-Raj,Google,author38116.html
Eric Rollins,Google,EricRollins.html
Yannet Interian,Google,author37416.html
Markose Thomas,Google,author35780.html
Stephan Gouws,Google,StephanGouws.html
Simon Kornblith,Google,106005.html
Erik Kline,Google,ErikKline.html
Daniel M. Bikel,Google,DanielMBikel.html
Tamsyn Waterhouse,Google,TamsynWaterhouse.html
Jason Miller,Google,JasonMiller.html
Pedro Gonnet,Google,104794.html
Yonghui Wu,Google,104868.html
Eric Anderson,Google,EricAnderson.html
Hai Hong,Google,104846.html
John Lindsay Orr,Google,JohnOrr.html
Maryam Karimzadehgan,Google,106155.html
Diane Tang,Google,author3770.html
Andrei Z. Broder,Google,AndreiBroder.html
Thomas Brovelli (Meyer),Google,105388.html
Brian Milch,Google,author101.html
Sooel Son,Google,105300.html
Rapha Gontijo Lopes,Google,RaphaGontijoLopes.html
Yang Song,Google,104900.html
Philip Nelson,Google,PhilipNelson.html
Nicholas FitzGerald,Google,106332.html
Wenhan Lu,Google,106699.html
Alexander E. Mohr,Google,author37505.html
Eric Jang,Google,EricJang.html
David Cai,Google,DavidCai.html
Xiao Zhang,Google,105415.html
Avital Oliver,Google,AvitalOliver.html
Kareem Amin,Google,106597.html
Aaron Sarna,Google,AaronSarna.html
Fabien Viger,Google,author39327.html
Jim Koehler,Google,JimKoehler.html
Bao Nguyen,Google,105198.html
Andrew de los Reyes,Google,author36260.html
Pi-Chuan Chang,Google,author39216.html
Gal Elidan,Google,105719.html
Hans-Juergen Boehm,Google,HansJuergenBoehm.html
Delesley Hutchins,Google,DelesleyHutchins.html
Victor Manuel Escobedo,Google,VictorManuelEscobedo.html
Yu-hui Chen,Google,YuhuiChen.html
Andrew Macvean,Google,AndrewMacvean.html
Matthew McEwen,Google,106600.html
Minjie Fan,Google,MinjieFan.html
David Applegate,Google,DavidApplegate.html
Theodore Ts'o,Google,105165.html
Hossein Esfandiari,Google,HosseinEsfandiari.html
Tim Salimans,Google,106222.html
Julian Mason,Google,JulianMason.html
Gopalan Sivathanu,Google,author37466.html
Manjunath Kudlur,Google,ManjunathKudlur.html
Robbie Shade,Google,RobbieShade.html
Kristen LeFevre,Google,KristenLeFevre.html
Tristan Launay,Google,TristanLaunay.html
Yanping Huang,Google,105661.html
Irfan Essa,Google,IrfanEssa.html
Tom Bagby,Google,TomBagby.html
Sanjay Ghemawat,Google,SanjayGhemawat.html
Mark Segal,Google,MarkSegal.html
Berthier Ribeiro-Neto,Google,author2723.html
Mingyang Zhang,Google,MingyangZhang.html
Srini Narayanan,Google,SriniNarayanan.html
Sudip Roy,Google,SudipRoy.html
Salem Haykal,Google,105425.html
Fernando Pereira,Google,author1092.html
John Daughtry,Google,JohnDaughtry.html
Markus Becker,Google,106134.html
Jason Gurevitch,Google,JasonGurevitch.html
Martin Bokeloh,Google,106293.html
Alexander Lloyd,Google,AlexanderLloyd.html
Foad Dabiri,Google,FoadDabiri.html
Sarvjeet Singh,Google,author39110.html
Jingyue Wu,Google,JingyueWu.html
Tomas Pfister,Google,105803.html
Shaowei Png,Google,ShaoweiPng.html
Carl Lebsack,Google,CarlLebsack.html
Paul Carff,Google,PaulCarff.html
Iustin Pop,Google,author39392.html
Heiga Zen,Google,HeigaZen.html
Alireza Fathi,Google,105222.html
Craig Michael Gidney,Google,CraigMichaelGidney.html
Alessandro Bissacco,Google,AlessandroBissacco.html
Brian Ichter,Google,BrianAndrewIchter.html
Fangtao Li,Google,FangtaoLi.html
Chris Fry,Google,ChrisFry.html
Stephen Stuart,Google,StephenStuart.html
Hanie Sedghi,Google,HanieSedghi.html
Hongrae Lee,Google,HongraeLee.html
Alexander Shraer,Google,AlexanderShraer.html
Emily Reif,Google,106150.html
Fay W. Chang,Google,author19234.html
Erik Vee,Google,106648.html
Chris Welty,Google,104789.html
Sunny Consolvo,Google,SunnyConsolvo.html
Fei Wu,Google,FeiWu.html
Soren Pirk,Google,105693.html
Steven Hand,Google,105153.html
Bilson Jake Libres Campana,Google,BilsonJakeLibresCampana.html
Chris Jones,Google,ChrisJones.html
Rajhans Samdani,Google,RajhansSamdani.html
Divanshu Garg,Google,106282.html
Cassidy Curtis,Google,CassidyCurtis.html
Yangqing Jia,Google,YangqingJia.html
Michael Christoph Muelly,Google,MichaelChristophMuelly.html
Shih-Wei Liao,Google,author2837.html
Petros Venetis,Google,106292.html
D. Sivakumar,Google,DSivakumar.html
Tadek Pietraszek,Google,104976.html
Susanna Ricco,Google,SusannaRicco.html
Vitaly Kuznetsov,Google,104920.html
Warren Kumari,Google,WarrenKumari.html
Jelena Pješivac–Grbović,Google,author17181.html
Erik Lucero,Google,ErikLucero.html
James Long,Google,JamesLong.html
Karthik Krishnamoorthi,Google,106486.html
Varden Wang,Google,VardenWang.html
Ramanathan V. Guha,Google,author17184.html
Morteza Zadimoghaddam,Google,MortezaZadimoghaddam.html
Richard Sproat,Google,RichardSproat.html
Karn Seth,Google,106426.html
Navneet Potti,Google,106262.html
Ajay J. Joshi,Google,AjayJoshi.html
Ruli Manurung,Google,104989.html
John Cox,Google,JohnCox.html
Thomas Dean,Google,author189.html
Golnaz Ghiasi,Google,GolnazGhiasi.html
Ofer Meshi,Google,OferMeshi.html
Oddur Kjartansson,Google,105957.html
Ankur Bhargava,Google,author6218.html
Daniel Cer,Google,DanielCer.html
Andrew Selle,Google,105402.html
A Theeraphol,Google,105921.html
Neoklis Polyzotis,Google,NeoklisPolyzotis.html
Siyang Qin,Google,106618.html
Carlos Colmenares,Google,CarlosColmenares.html
John Cieslewicz,Google,JohnCieslewicz.html
Thomas K. Leung,Google,ThomasLeung.html
Jie Ren,Google,author9136.html
Alejandro Luebs,Google,AlejandroLuebs.html
Ankit Jain,Google,author39692.html
Robert W. Bowdidge,Google,RobertBowdidge.html
Astrid Weber,Google,AstridWeber.html
Ben Collins-Sussman,Google,author35664.html
"Michael D. Howell, MD MPH",Google,MichaelDHowellMDMPH.html
Shibani Sanan,Google,ShibaniSanan.html
Jingtao Wang,Google,105917.html
Cyril Allauzen,Google,author130.html
Deniz Oktay,Google,106081.html
Scott B. Huffman,Google,author6921.html
Bruno M. Fonseca,Google,author11808.html
Michael R. Marty,Google,author36386.html
Wei-Yen Day,Google,WeiYenDay.html
Da-Cheng Juan,Google,DaChengJuan.html
Hannes Payer,Google,HannesPayer.html
Kedar Dhamdhere,Google,author4526.html
Dominik Roblek,Google,DominikRoblek.html
Jessa D. Mittleman,Google,author32358.html
Andre Araujo,Google,AndreAraujo.html
Raluca Sauciuc,Google,RalucaSauciuc.html
Fabian Gallusser,Google,106302.html
Franjo Ivancic,Google,FranjoIvancic.html
B. Yang,Google,author83.html
Simon Baumgartner,Google,105996.html
Maryam Tohidi,Google,MaryamTohidi.html
Danny Tom,Google,DannyTom.html
Tejinder K. Judge,Google,TejinderJudge.html
Zhen Qin,Google,106036.html
Bozhena Bidyuk,Google,author13603.html
Daniel Clifford,Google,DanielClifford.html
Xinyang Yi,Google,105550.html
Umesh Shankar,Google,author14566.html
Charles Weill,Google,CharlesWeill.html
Gaoang Bian,Google,Gaoang.html
Lusann Yang,Google,LusannYang.html
April Rasala Lehman,Google,author6607.html
Tom Kwiatkowski,Google,105075.html
Aspi Siganporia,Google,AspiSiganporia.html
Swaroop Ramaswamy,Google,106336.html
Ranjith Unnikrishnan,Google,author20740.html
Noah Fiedel,Google,NoahFiedel.html
Maggie Johnson,Google,104788.html
Thomas Fu,Google,104854.html
Matthew Henderson,Google,MatthewHenderson.html
Vlad Tsyrklevich,Google,VladTsyrklevich.html
Alvin Rishi Rajkomar,Google,AlvinRishiRajkomar.html
Vidhya Navalpakkam,Google,VidhyaNavalpakkam.html
Ritendra Datta,Google,author14191.html
Jennimaria Palomaki,Google,105807.html
Martin Pál,Google,author20.html
Colin Cherry,Google,ColinCherry.html
Theo Sanderson,Google,TheoSanderson.html
Subhasree Mandal,Google,105046.html
Li-Lun Wang,Google,LiLunWang.html
Yun Liu,Google,105698.html
Rodrigo Carceroni,Google,author36323.html
Vinay Bettadapura,Google,VinayBettadapura.html
Sungjoon Choi,Google,SungjoonChoi.html
Tolga Bolukbasi,Google,TolgaBolukbasi.html
Marissa Giustina,Google,MarissaGiustina.html
Steffen Meschkat,Google,SteffenMeschkat.html
Yair Movshovitz-Attias,Google,YairMovshovitzAttias.html
Gabe Krabbe,Google,GabeKrabbe.html
Sandeep Govind Dhoot,Google,105846.html
Jacob Barrett,Google,JacobBarrett.html
Alex Beutel,Google,AlexBeutel.html
Gábor Bartók,Google,GaborBartok.html
Walid Krichene,Google,WalidKrichene.html
Jingang Miao,Google,106537.html
Mario Callegaro,Google,MarioCallegaro.html
Will Drewry,Google,author36121.html
Nevena Lazic,Google,104936.html
Jing Ai,Google,105212.html
Luheng He,Google,LuhengHe.html
Nandita Dukkipati,Google,author39115.html
Amer Diwan,Google,AmerDiwan.html
Stephanie Sapp,Google,StephanieSapp.html
Lawrence S. Brakmo,Google,author2372.html
Adam Sadilek,Google,AdamSadilek.html
Kevin Canini,Google,KevinCanini.html
Lea Kissner,Google,author20709.html
Yanzhang He,Google,106380.html
John Hershey,Google,106072.html
Katrina Sostek,Google,105399.html
Chieu Nguyen,Google,105676.html
James Kelly,Google,author39667.html
Diana Borsa,Google,105295.html
Ashish Sharma,Google,AshishSharma.html
Kyra Singh,Google,KyraSingh.html
Amit Vainsencher,Google,105023.html
Guy Calvert,Google,GuyCalvert.html
Ido Green,Google,IdoGreen.html
Colin Beske,Google,105486.html
Alessandro Presta,Google,AlessandroPresta.html
Michael Isard,Google,MichaelIsard.html
Tipp Moseley,Google,author39194.html
Jonathan Heek,Google,JonathanHeek.html
John Penix,Google,author2207.html
Dieterich Lawson,Google,105253.html
Daniel Mills,Google,105390.html
Taylor Marable,Google,TaylorMarable.html
Derek Wu,Google,DerekWu.html
Emily Johnston,Google,EmilyJohnston.html
Igor Bilogrevic,Google,IgorBilogrevic.html
Félix de Chaumont Quitry,Google,FelixdeChaumontQuitry.html
Kai Chen,Google,KaiChen.html
Dave Bacon,Google,105078.html
Richard Zens,Google,RichardZens.html
Julian Ibarz,Google,JulianIbarz.html
Jiwoon Jeon,Google,author38335.html
Chris Wren,Google,ChrisWren.html
Javier Snaider,Google,JavierSnaider.html
Ke Yang,Google,author61.html
Mike Ando,Google,MikeAndo.html
Chris Sadler,Google,ChrisSadler.html
Rama Kumar Pasumarthi,Google,105966.html
Dipanjan Das,Google,DipanjanDas.html
Sebastian Schaffert,Google,SebastianSchaffert.html
Yong Cheng,Google,106360.html
Alex Perry,Google,AlexPerry.html
Yuning Chai,Google,YuningChai.html
Dan Dennison,Google,DanDennison.html
Sam Hasinoff,Google,105138.html
Jim Reardon,Google,JimReardon.html
William Chan,Google,WilliamChan.html
Robert Geisberger,Google,author39325.html
Joonseok Lee,Google,JoonseokLee.html
Jennifer Fernquist,Google,JenniferFernquist.html
Alexey Gusakov,Google,author58091.html
Silvia Pareti,Google,SilviaPareti.html
Christos Kozyrakis,Google,ChristosKozyrakis.html
Yaroslav Bulatov,Google,YaroslavBulatov.html
Sue Lueder,Google,105372.html
Luca Bertelli,Google,author39634.html
Konstantin Serebryany,Google,KonstantinSerebryany.html
Christian Daniel Howard,Google,ChristianHoward.html
Ivan Neulander,Google,IvanNeulander.html
Stephan Ellner,Google,author27288.html
Kaihua Zhu,Google,author23207.html
Kevin Wilson,Google,KevinWilson.html
Giulia DeSalvo,Google,106565.html
Richard F. Lyon,Google,author35932.html
Shubin Zhao,Google,author17490.html
Livio Baldini Soares,Google,104996.html
Cordelia Schmid,Google,CordeliaSchmid.html
Vinay Shet,Google,VinayShet.html
Chen Sun,Google,ChenSun.html
Stephan Gudmundson,Google,StephanGudmundson.html
Brett Elliott,Google,105709.html
Jiawen Chen,Google,105061.html
Petros Maniatis,Google,PetrosManiatis.html
Sofien Bouaziz,Google,105967.html
Dina M. Betser,Google,DinaBetser.html
Alex Olwal,Google,AlexOlwal.html
Zornitsa Kozareva,Google,ZornitsaKozareva.html
Krzysztof Maziarz,Google,KrzysztofMaziarz.html
Kevin McCloskey,Google,KevinMcCloskey.html
Bill N. Schilit,Google,author27501.html
J. David Morgenthaler,Google,author35758.html
Mohammad Mahdian,Google,MohammadMahdian.html
Leon Poutievski,Google,LeonPoutievski.html
Salvatore Candido,Google,SalCandido.html
Genady Beryozkin,Google,GenadyBeryozkin.html
Lasse Espeholt,Google,105460.html
Tingbo Hou,Google,106438.html
Steven Ellis,Google,StevenEllis.html
Michael Schwarz,Google,MichaelSchwarz.html
Mike Dusenberry,Google,MikeDusenberry.html
Hilary Hutchinson,Google,author15270.html
Thierry Coppey,Google,ThierryCoppey.html
Abhishek Das,Google,author39695.html
Yaogong Wang,Google,YaogongWang.html
Jonathan Huang,Google,JonathanHuang.html
Reza Mahjourian,Google,106158.html
Sajid M. Siddiqi,Google,siddiqi.html
John C. Platt,Google,JohnPlatt.html
Ben Laurie,Google,author9639.html
Alex Brik,Google,105321.html
Rohit Kumar Pandey,Google,106687.html
Luiz André Barroso,Google,LuizBarroso.html
Afshin Rostamizadeh,Google,author36233.html
Dean Michael Berris,Google,DeanBerris.html
Kuzman Ganchev,Google,KuzmanGanchev.html
Shakeel Butt,Google,ShakeelButt.html
Praneet Dutta,Google,PraneetDutta.html
Lei Yang,Google,LeiYang.html
Edith Cohen,Google,EdithCohen.html
David Deutscher,Google,DavidDeutscher.html
Nitish Korula,Google,NitishKorula.html
CATALINA NARANJO-BOCK,Google,105389.html
Billy Lau,Google,105962.html
Dong Xin,Google,DongXin.html
Alex Alemi,Google,104980.html
Douglas Aberdeen,Google,author39485.html
Robin Anil,Google,RobinAnil.html
Marta Recasens,Google,MartaRecasens.html
Kay H. Brodersen,Google,KayBrodersen.html
Nikolay Chirkov,Google,106410.html
Daan van Esch,Google,DaanvanEsch.html
Thomas Hofmann,Google,author1113.html
Amarnag Subramanya,Google,author38552.html
Archit Sharma,Google,ArchitSharma.html
Gabor Simko,Google,105456.html
Kathy Baxter,Google,KathyBaxter.html
Sameer Ajmani,Google,author54.html
Alistair C. Veitch,Google,AlistairVeitch.html
Daniel Myers,Google,author54699.html
Vahab S. Mirrokni,Google,mirrokni.html
Danny Raz,Google,106366.html
Himani Apte,Google,105336.html
Hsiao-keng Jerry Chu (朱曉耕),Google,author39277.html
Suhani Vora,Google,106257.html
Nicholas Rubin,Google,106427.html
Omid Madani,Google,OmidMadani.html
Peter Shaw,Google,105930.html
Willem de Bruijn,Google,author39745.html
Cibu C Johny,Google,105937.html
Ning Wang,Google,NingWang.html
Roy Frostig,Google,RoyFrostig.html
Daniele Pighin,Google,DanielePighin.html
Suyog Gupta,Google,105500.html
Shuai Jiang,Google,ShuaiJiang.html
Sara L. Su,Google,author58118.html
Marc Cartright,Google,MarcCartright.html
Brian Roark,Google,BrianRoark.html
Shun-Tak Leung,Google,shuntak.html
Kshitij Bansal,Google,105408.html
Raphaël Marinier,Google,105955.html
Muthuprasanna Muthusrinivasan,Google,author35944.html
Jonathan Shen,Google,JonathanShen.html
Murtaza Motiwala,Google,105464.html
Jianmin Chen,Google,JianminChen.html
Olivier Bachem,Google,OlivierBachem.html
Alexandrin Popescul,Google,AlexandrinPopescul.html
Cliff L. Biffle,Google,author38542.html
Chris Han,Google,ChrisHan.html
Pei-Yu (Peggy) Chi,Google,104956.html
Keshan Sodimana,Google,KeshanSodimana.html
Andrew O. Arnold,Google,AndrewOArnold.html
Andreas Rossberg,Google,AndreasRossberg.html
Ludwig Schubert,Google,105678.html
Ahmed Metwally,Google,AhmedMetwally.html
Quoc V. Le,Google,QuocLe.html
David Sehr,Google,DavidSehr.html
Vera Axelrod,Google,VeraAxelrod.html
Steve Gribble,Google,105030.html
Alexander Potapenko,Google,AlexanderPotapenko.html
Assaf  Hurwitz-Michaely,Google,AssafHurwitzMichaely.html
Ian Kelly,Google,IanKelly.html
Chad Whipkey,Google,ChadWhipkey.html
Jeffrey Ling,Google,JeffreyLing.html
Felix Halim,Google,FelixHalim.html
Daniel Pierce Delorey,Google,DanielDelorey.html
Ye Zhang,Google,105278.html
Ed Parsons,Google,EdParsons.html
Peter H. Li,Google,PeterLi.html
Ben Caine,Google,BenCaine.html
David Cohn,Google,DavidCohn.html
Andrew Swerdlow,Google,AndrewSwerdlow.html
Ali Zand,Google,AliZand.html
Omer Boyaci,Google,OmerBoyaci.html
Fadi Biadsy,Google,FadiBiadsy.html
Nicholas Etienne Clinton,Google,NicholasEtienneClinton.html
Chris Bond,Google,author26435.html
Ciprian Chelba,Google,author6342.html
Troy T. Chinen,Google,TroyChinen.html
John Lunney,Google,JohnLunney.html
Mark Lentczner,Google,MarkLentczner.html
Konstantinos Katsiapis,Google,106491.html
Sridatta Chegu,Google,SridattaChegu.html
Saurabh Saxena,Google,SaurabhSaxena.html
Ori Folger,Google,OriFolger.html
Jason Baldridge,Google,JasonBaldridge.html
Aren Jansen,Google,104952.html
Xiaobing Liu,Google,104903.html
Christoph Schütte,Google,106274.html
Ofir Nachum,Google,105364.html
David Glazer,Google,DavidGlazer.html
Craig Chambers,Google,author4707.html
Yinfei Yang,Google,YinfeiYang.html
Adam Dickinson,Google,AdamDickinson.html
Matthieu Devin,Google,104860.html
Marvin Ritter,Google,MarvinRitter.html
Sam McVeety,Google,SamMcVeety.html
Gal Chechik,Google,author35799.html
Markus Rabe,Google,106335.html
Keith Stevens,Google,105282.html
Benjamin Börschinger,Google,BenjaminBrschinger.html
Mikhail Kozhevnikov,Google,MikeKozhevnikov.html
James Atwood,Google,JamesAtwood.html
Helge Bahmann,Google,HelgeBahmann.html
Shobhit Saxena,Google,105481.html
Amin Vahdat,Google,AminVahdat.html
Healfdene Goguen,Google,hhg.html
Andrew W. Senior,Google,author37792.html
Mohammad Norouzi,Google,MohammadNorouzi.html
Ken Caluwaerts,Google,KenCaluwaerts.html
Daphne Luong,Google,105786.html
Philip MacKenzie,Google,author59.html
Megan Ruthven,Google,105810.html
Stephan Wolf,Google,106272.html
Jake Marcus,Google,JakeMarcus.html
Lihong Li,Google,105542.html
Yu-An Chung,Google,YuAnChung.html
Manolis Delakis,Google,106228.html
Hanxiao Liu,Google,HanxiaoLiu.html
Kurt Thomas,Google,KurtThomas.html
Kanishka Rao,Google,KanishkaRao.html
Vincent Furnon,Google,VincentFurnon.html
Quentin de Laroussilhe,Google,105805.html
Vijay D'Silva,Google,VijayDSilva.html
Nicholas Chi-Yuen Kong,Google,NicholasChiYuenKong.html
Matthew D. Hoffman,Google,MatthewDHoffman.html
Lawrence Page,Google,LawrencePage.html
Chris Thompson,Google,ChrisThompson.html
Sergey Brin,Google,SergeyBrin.html
Hector Yee,Google,HectorYee.html
Dhyanesh Narayanan,Google,DhyaneshNarayanan.html
David Dohan,Google,DavidDohan.html
Ruoming Pang,Google,author2369.html
Mario Guajardo-Céspedes,Google,106473.html
Been Kim,Google,106045.html
Scott Jenson,Google,105123.html
Asif Islam,Google,AsifIslam.html
Quan Wang,Google,QuanWang.html
Paul M. Aoki,Google,PaulAoki.html
Rama Govindaraju,Google,104926.html
Natasha Noy,Google,NatalyaNoy.html
Fergus Henderson,Google,104803.html
Sangho Yoon,Google,SanghoYoon.html
Zbigniew Wojna,Google,ZbigniewWojna.html
Eric Lee Turner,Google,105965.html
Daniel Sank,Google,105029.html
Yongzhe Wang,Google,YongzheWang.html
Mike Perry,Google,105245.html
Deepak Kumar,Google,DeepakKumar.html
Raman Sarokin,Google,106412.html
Eric Giguere,Google,EricGiguere.html
Gagan Aggarwal,Google,author3107.html
Roee Ebenstein,Google,106346.html
Hyeontaek Lim,Google,HyeontaekLim.html
Jialu Liu,Google,106192.html
Tyler Lu,Google,TylerLu.html
Aidan N. Gomez,Google,AidanNicholasGomez.html
Sashank Reddi,Google,106138.html
Roee Engelberg,Google,RoeeEngelberg.html
Gregory Kossinets,Google,author38367.html
Ziv Bar-Yossef,Google,author6593.html
Larry P. Heck,Google,LarryHeck.html
Liangliang Cao,Google,106378.html
Jeffrey Dean,Google,jeff.html
Rene Mayrhofer,Google,ReneMayrhofer.html
Moshe Looks,Google,author37920.html
Casper Kaae Sønderby,Google,CasperSoenderby.html
Vittorio Ferrari,Google,105461.html
Walfredo Cirne,Google,author8093.html
Yunting Sun,Google,YuntingSun.html
Jan A. Botha,Google,JanBotha.html
Dilek Hakkani-Tur,Google,104927.html
Tobias Flach,Google,TobiasFlach.html
Max Senges,Google,MaxSenges.html
Sebastian Goodman,Google,106379.html
Eric Breck,Google,EricBreck.html
Jonathan Zolla,Google,JonathanZolla.html
Harry Bleyan,Google,HarryBleyan.html
Rory Ward,Google,RoryWard.html
Iulia-Maria Comșa,Google,IuliaMariaComsa.html
Dominique Shipmon,Google,DominiqueShipmon.html
Mustaq Ahmed,Google,author39357.html
David Berthelot,Google,DavidBerthelot.html
Holden Karau,Google,HoldenKarau.html
Fabio Riccardi,Google,106421.html
Nadav Eiron,Google,author1102.html
Julia Wilkowski,Google,author51417.html
Mohammadreza Ghodsi,Google,MohammadrezaGhodsi.html
Zheng Xu,Google,ZhengXu.html
Tim Hesterberg,Google,TimHesterberg.html
Jeffrey De Fauw,Google,104959.html
Peter J. Liu,Google,105182.html
Chi-yao Hong,Google,ChiyaoHong.html
Yang Song,Google,author38270.html
Sayali Kulkarni,Google,106468.html
Aseem Agarwala,Google,105084.html
Vinton G. Cerf,Google,author32412.html
Mingxing Tan,Google,105445.html
Tania Bedrax-Weiss,Google,105765.html
Ankit Singh Rawat,Google,106289.html
Corinna Cortes,Google,author121.html
Serena Lutong Wang,Google,SerenaLutongWang.html
Nicolas Le Roux,Google,NicolasLeRoux.html
Or Litany,Google,105901.html
Rafael Sanchez,Google,RafaelSanchez.html
Frederico Quintao,Google,FredericoQuintao.html
Nicolas Papernot,Google,NicolasPapernot.html
Hartwig Adam,Google,author37870.html
Congcong Li,Google,CongcongLi.html
Julia Proskurnia,Google,105491.html
Francesco Piccinno,Google,106529.html
Neil Zeghidour,Google,106382.html
Arun Narayanan,Google,ArunNarayanan.html
Kasumi Widner,Google,105771.html
H. Brendan McMahan,Google,author35837.html
David Reitter,Google,DavidReitter.html
Kyle Gorman,Google,KyleGorman.html
Steven Euijong Whang,Google,StevenWhang.html
Jia-Yu (Tim) Pan,Google,105646.html
Alex Fabrikant,Google,AlexFabrikant.html
John Martinis,Google,105018.html
Jianyong Zhang,Google,author21127.html
Joshua Maynez,Google,JoshuaMaynez.html
Derya Toka,Google,DeryaToka.html
Sylvain Gelly,Google,SylvainGelly.html
Filip Radlinski,Google,FilipRadlinski.html
Tara Matthews,Google,104820.html
Michiel Bacchiani,Google,MichielBacchiani.html
Victoria Schwanda Sosik,Google,VictoriaSosik.html
Michael Collins,Google,MichaelCollins.html
Mehdi S. M. Sajjadi,Google,105804.html
Reza Ghanadan,Google,105710.html
Adam Lelkes,Google,AdamLelkes.html
Christoph Albrecht,Google,ChristophAlbrecht.html
Li Li,Google,LiLi.html
Phil Long,Google,105241.html
Seungil You,Google,105412.html
Danijar Hafner,Google,105534.html
Amol Kapoor,Google,106318.html
William W. Cohen,Google,105985.html
Lawrence Ip,Google,author22930.html
Brad Chen,Google,bradchen.html
Tatiana Merkulova,Google,105813.html
Chong Wang,Google,105541.html
Li Zhang,Google,105588.html
Richard Tucker,Google,RichardTucker.html
Yunkai Zhou,Google,author5497.html
Manaal Faruqui,Google,ManaalFaruqui.html
Xiang Wu,Google,XiangWu.html
Diane Lambert,Google,author16666.html
Charles Sutton,Google,CharlesSutton.html
Jean Pouget-Abadie,Google,JeanPougetAbadie.html
Zhi Xu,Google,ZhiXu.html
Trevor Strohman,Google,TrevorStrohman.html
Maithra Raghu,Google,105562.html
Elad Hazan,Google,106088.html
Derek Bruening,Google,author58045.html
Mingcheng Chen,Google,MingchengChen.html
Mehran Bozorgi,Google,author39390.html
Radu Jurca,Google,author37631.html
Štěpán Davidovič,Google,StepanDavidovic.html
Piotr Zielinski,Google,PiotrZielinski.html
Sam Greydanus,Google,SamGreydanus.html
Hasim Sak,Google,HasimSak.html
Francisco Passos,Google,FranciscoPassos.html
Adel El-Atawy,Google,author57994.html
Yuan Zhang,Google,YuanZhang.html
Song Zuo,Google,SongZuo.html
Ed H. Chi,Google,EdChi.html
Sandeep Tata,Google,SandeepTata.html
Jasmine Hsu,Google,JasmineHsu.html
Ashutosh Kulshreshtha,Google,author25088.html
Craig Citro,Google,CraigCitro.html
Rory Sayres,Google,RorySayres.html
Howard Zhou,Google,HowardZhou.html
Josh Lovejoy,Google,105789.html
Quang Anh Duong,Google,106550.html
Joseph Bonneau,Google,JosephBonneau.html
Haomiao Jiang,Google,105611.html
Joachim Kupke,Google,author3778.html
Mario Lucic,Google,MarioLucic.html
Anoop Korattikara,Google,AnoopKorattikara.html
Kishore Papineni,Google,KishorePapineni.html
Jakub Onufry Wojtaszczyk,Google,author58121.html
Mrinal Kalakrishnan,Google,MrinalKalakrishnan.html
George Tucker,Google,GeorgeTucker.html
Stefan Popov,Google,StefanPopov.html
Monique V. Vieira,Google,author18650.html
Evan Jeffrey,Google,EvanJeffrey.html
Satnam Singh,Google,SatnamSingh.html
Tom Madams,Google,105259.html
Aaron Archer,Google,AaronArcher.html
Jack Sim,Google,JackSim.html
Olga Kapralova,Google,OlgaKapralova.html
Melody Guan,Google,105369.html
Matt Tierney,Google,MattTierney.html
Biswanath Panda,Google,author38399.html
Jeff Klingner,Google,JeffKlingner.html
Jamie Kiros,Google,105589.html
Steven Kearnes,Google,StevenKearnes.html
Bruno De Backer,Google,106230.html
Greg Hecht,Google,GregHecht.html
David Lomax,Google,105723.html
Dumitru Erhan,Google,DumitruErhan.html
Roman Novak,Google,RomanNovak.html
Brian W. Fitzpatrick,Google,author35663.html
Ashwinkumar Badanidiyuru Varadaraja,Google,105177.html
Benoit Steiner,Google,BenoitSteiner.html
Sacha Arnoud,Google,SachaArnoud.html
Dotan Emanuel,Google,DotanEmanuel.html
Andrew Slater,Google,author39606.html
Ahmed M. Aly,Google,AhmedMAly.html
Alex Ingerman,Google,106408.html
Hui Fang,Google,author5379.html
Jort Gemmeke,Google,JortGemmeke.html
Lily Peng,Google,LilyPeng.html
Philip Guo,Google,PhilipGuo.html
Geetanjali Sampemane,Google,GeetanjaliSampemane.html
Zhonghua Xi,Google,105800.html
Ben Hutchinson,Google,106467.html
Christian Szegedy,Google,ChristianSzegedy.html
Mohammad Izadi,Google,MohammadIzadi.html
Sugato Basu,Google,author39.html
Jana Strnadova,Google,JanaStrnadova.html
Hyun Oh Song,Google,105135.html
Renato Paes Leme,Google,RenatoPaesLeme.html
Tal Cohen,Google,author37538.html
Tony Bruguier,Google,105173.html
Sarah Lucas,Google,105655.html
Juhyun Lee,Google,106445.html
Jon Orwant,Google,JonOrwant.html
Thang Luong,Google,105176.html
Weifeng Pan,Google,author58008.html
Matthew Brown,Google,MatthewBrown.html
Tao Dong,Google,TaoDong.html
Michael Frumkin,Google,MichaelFrumkin.html
Michael Brundage,Google,MichaelBrundage.html
Chun-an Chan,Google,ChunanChan.html
Andrew Zaldivar,Google,106474.html
Xinchen Yan,Google,106012.html
Marc G. Bellemare,Google,MarcGBellemare.html
Margaret Mitchell,Google,105608.html
Andrew Fandrianto,Google,AndrewFandrianto.html
Hartmut Neven,Google,HartmutNeven.html
Kevin Regan,Google,106196.html
Eric Christiansen,Google,EricChristiansen.html
Kevin Kilgour,Google,KevinKilgour.html
Jeremy Hurwitz,Google,JeremyHurwitz.html
Niki Parmar,Google,NikiParmar.html
Jeremiah J. Harmsen,Google,JeremiahHarmsen.html
Rob Shakir,Google,RobShakir.html
Kevin Swersky,Google,105739.html
Matthias Blume,Google,author39313.html
David Talbot,Google,DavidTalbot.html
Thomas Duebendorfer,Google,author37411.html
Yu He,Google,author64.html
Jonathan Krause,Google,JonathanKrause.html
Anton Bakhtin,Google,AntonBakhtin.html
Tara N. Sainath,Google,TaraSainath.html
Cedric F. Lam,Google,author38397.html
Brent Bryan,Google,author22381.html
Claire Kayacik,Google,106384.html
Yuchen Wu,Google,YuchenWu.html
Parisa Tabriz,Google,author36241.html
Ryan H. Moulton,Google,RyanHMoulton.html
Yuan Xue,Google,106455.html
Wessam Hassanein,Google,105203.html
Slava Chernyak,Google,SlavaChernyak.html
Neil Houlsby,Google,NeilHoulsby.html
Francois Chollet,Google,105096.html
Sergey Ioffe,Google,SergeyIoffe.html
Jing Kong,Google,104869.html
Mohammad Saleh,Google,105788.html
Danny Tarlow,Google,DannyTarlow.html
Roberto J. Bayardo,Google,author16753.html
Ming Zhao,Google,author1502.html
Marek Fišer,Google,105762.html
Hieu Pham,Google,104923.html
Wolfgang Hess,Google,WolfgangHess.html
Andreas Veit,Google,106067.html
Julio Angulo,Google,105438.html
Jonathan M. McCune,Google,JonathanMcCune.html
Nadav Golbandi,Google,105605.html
Rishabh Singh,Google,RishabhSingh.html
Francois-Rene Rideau,Google,FrancoisReneRideau.html
Nicholas Carlini,Google,NicholasCarlini.html
Fuchun Peng,Google,FuchunPeng.html
Sean Quinlan,Google,author97.html
Arvind Jain,Google,author35943.html
Bill Byrne,Google,author39011.html
Diomidis Spinellis,Google,DiomidisSpinellis.html
Anselm Levskaya,Google,AnselmLevskaya.html
Shraman Ray Chaudhuri,Google,ShramanRayChaudhuri.html
Pat Stephenson,Google,author907.html
Justin T. Ho,Google,JustinHo.html
Xiaojing Wang,Google,XiaojingWang.html
Ashish Vijay Tendulkar,Google,105469.html
Xavier Velez,Google,XavierVelez.html
Alejandra Estanislao,Google,105179.html
Harikrishna Narasimhan,Google,106252.html
Ryan Harrison,Google,RyanHarrison.html
Michael Hughes,Google,MichaelMurakami.html
David Konerding,Google,DavidKonerding.html
Ali Elkahky,Google,106313.html
Nevin Heintze,Google,NevinHeintze.html
Manya Sleeper,Google,104951.html
Arvind Satyanarayan,Google,105888.html
Michael Lippautz,Google,MichaelLippautz.html
Julien Tinnes,Google,105834.html
Yuk Wah Wong,Google,author10320.html
Dayu Yuan,Google,105145.html
Dennis Abts,Google,author36240.html
Jenny Chen,Google,JennyChen.html
Ross McIlroy,Google,RossMcIlroy.html
Monika Podsiadło,Google,105932.html
David Weiss,Google,DavidWeiss.html
Milad Hashemi,Google,MiladHashemi.html
Patrick Riley,Google,PatrickRiley.html
Sreenivas Gollapudi,Google,SreenivasGollapudi.html
Samy Bengio,Google,bengio.html
Abhijit Mahabal,Google,105575.html
Garen Checkley,Google,106456.html
Zafarali Ahmed,Google,ZafaraliAhmed.html
Benjamin Eysenbach,Google,BenjaminEysenbach.html
Aliaksei Severyn,Google,AliakseiSeveryn.html
Marco Fornoni,Google,MarcoFornoni.html
Denis Baylor,Google,DenisBaylor.html
Raphael Cendrillon,Google,RaphaelCendrillon.html
Tzvika Hartman,Google,105835.html
Jeremy Cole,Google,JeremyCole.html
Iulia Ion,Google,IuliaIon.html
Cheng Chen,Google,105664.html
Ahmed Taei,Google,AhmedTaei.html
Uri Nadav,Google,UriNadav.html
Andrew Adams,Google,AndrewAdams.html
Shuang Yin,Google,105334.html
Mehmet Emre Sargin,Google,author38262.html
Moti Yung,Google,106617.html
Arkanath Pathak,Google,106175.html
Chao-Yeh Chen,Google,ChaoYehChen.html
Mariano Schain,Google,105841.html
Mostafa Dehghani,Google,105644.html
Joshua S. Herbach,Google,author38398.html
Jay Han,Google,104914.html
Alex Gilgur,Google,AlexGilgur.html
Yannis Agiomyrgiannakis,Google,author57972.html
Jeongwoo Ko,Google,author23244.html
Diana Jaunzeikare,Google,DianaJaunzeikare.html
Ben Poole,Google,BenPoole.html
Pushmeet Kohli,Google,105667.html
Milos Besta,Google,author6623.html
Kristina N Toutanova,Google,KristinaNToutanova.html
Sebastian Bruch,Google,SebastianNimaBruch.html
Valentin I. Spitkovsky,Google,author3196.html
David Lowe,Google,DavidLowe.html
Nal Kalchbrenner,Google,NalKalchbrenner.html
Ron Merom,Google,author39051.html
Marcin Michalski,Google,105814.html
Craig Mermel,Google,CraigMermel.html
Madhukar R. Korupolu,Google,MadhukarKorupolu.html
Katherine Heller,Google,106149.html
Uday R. Naik,Google,author32197.html
Andreas Terzis,Google,AndreasTerzis.html
Wei Wang,Google,106159.html
Chao Chen,Google,ChaoChen.html
Pauline Anthonysamy,Google,PaulineAnthonysamy.html
Csaba Szepesvari,Google,105511.html
Manfred K. Warmuth,Google,106469.html
Kevin Millikin,Google,KevinMillikin.html
Phillip Yelland,Google,PhillipYelland.html
Dennis Fetterly,Google,DennisFetterly.html
Hayes Raffle,Google,author15163.html
Emily Fertig,Google,EmilyFertig.html
Sherry Moore,Google,104893.html
Christian Plagemann,Google,ChristianPlagemann.html
Tolga Kayadelen,Google,106352.html
John Khawam,Google,JohnKhawam.html
Alexandre Mah,Google,AlexandreMah.html
Kunal Talwar,Google,KunalTalwar.html
Andrea Tagliasacchi,Google,106392.html
Noe Lutz,Google,NoeLutz.html
Joseph Roth,Google,JosephRoth.html
Gagan Bansal,Google,GaganBansal.html
John Palowitch,Google,JohnPalowitch.html
Boulos Harb,Google,BoulosHarb.html
George Papandreou,Google,GeorgePapandreou.html
Daniel Peng,Google,author39208.html
Rich Cannings,Google,106398.html
Saurabh Singh,Google,SaurabhSingh.html
Warren Shen,Google,author18116.html
Atil Iscen,Google,105360.html
Bryan Perozzi,Google,BryanPerozzi.html
Bo Dai,Google,106086.html
Rahul Sukthankar,Google,RahulSukthankar.html
Dean Jackson,Google,DeanJackson.html
Tim Blakely,Google,105450.html
Alan Papir,Google,105593.html
Deborah Weisser,Google,author36192.html
Matthew Kelcey,Google,104791.html
Genzhi Ye,Google,GenzhiYe.html
Azade Nazi,Google,106111.html
Michele Spagnuolo,Google,MicheleSpagnuolo.html
Erwin Coumans,Google,ErwinCoumans.html
Amitabh Saikia,Google,AmitabhSaikia.html
Joel Shor,Google,105688.html
Tobias Weyand,Google,104862.html
Murray Stokely,Google,MurrayStokely.html
Bikash Koley,Google,author39228.html
Peng Dai,Google,author58238.html
Sean O'Malley,Google,SeanOMalley.html
Dan Gillick,Google,DanGillick.html
Zhiping Yang,Google,104890.html
Tim King,Google,TimKing.html
Alex Ainslie,Google,AlexAinslie.html
Juan Lang,Google,JuanLang.html
Carolina Parada,Google,CarolinaParada.html
Christina Funk,Google,ChristinaFunk.html
Rehan Khan,Google,author38924.html
Angelika Moscicki,Google,AngelikaMoscicki.html
Mark Sandler,Google,author2357.html
Frank Dabek,Google,author2377.html
James Bankoski,Google,105284.html
Alexander Toshev,Google,AlexanderToshev.html
Christian Stefansen,Google,ChristianStefansen.html
Frederic Didier,Google,FredericDidier.html
Ramprasad Venkataraman,Google,RamprasadVenkataraman.html
Michele Covell,Google,author85.html
Weicheng Kuo,Google,106625.html
Aditya Bhaskara,Google,AdityaBhaskara.html
Keith Bonawitz,Google,105175.html
Kevin Graney,Google,KevinGraney.html
Enrique Alfonseca,Google,author35866.html
Anil Kokaram,Google,AnilKokaram.html
Mia Chen,Google,105875.html
Rob Pike,Google,r.html
Anastasios Kementsietsidis,Google,AnastasiosKementsietsidis.html
Alexander Kolesnikov,Google,106611.html
Matthew Otey,Google,MatthewOtey.html
Hongji Bao,Google,HongjiBao.html
Josh Mutus,Google,105714.html
Rif A. Saurous,Google,105197.html
Rachel Fan,Google,RachelFan.html
Rishabh Agarwal,Google,RishabhAgarwal.html
Ashish Gupta,Google,AshishGupta.html
Thomas Steiner,Google,author39477.html
Balasubramanian Sivan,Google,105109.html
Georg Heigold,Google,GeorgHeigold.html
Matthew C. Loring,Google,MatthewCLoring.html
Xiance Si,Google,author38938.html
Maxwell Bileschi,Google,MaxwellBileschi.html
Jochen Eisinger,Google,author39371.html
Laura A. Granka,Google,author3679.html
Caitlin Taggart,Google,106505.html
Brett Slatkin,Google,BrettSlatkin.html
Ouais Alsharif,Google,OuaisAlsharif.html
Andrew Rosenberg,Google,106253.html
Karan Singh,Google,KaranSingh.html
Andrew M. Dai,Google,AndrewDai.html
Arkajit Dey,Google,author39183.html
Prabhakar Raghavan,Google,PrabhakarRaghavan.html
Mila Hardt,Google,MilaHardt.html
Brian Tagiku,Google,BrianTagiku.html
Ian Fischer,Google,105625.html
Nick Johnston,Google,NickJohnston.html
Nicholas Frosst,Google,105473.html
David Oppenheimer,Google,DavidOppenheimer.html
Farhad Shahmohammadi,Google,105707.html
Hossein Mobahi,Google,105286.html
Ana Klimovic,Google,AnaKlimovic.html
Nicole Forsgren,Google,106549.html
Casey Burkhardt,Google,CaseyBurkhardt.html
Sean Augenstein,Google,105180.html
Kathryn Rough,Google,KathrynRough.html
Raviteja Vemulapalli,Google,RavitejaVemulapalli.html
Evgeniy Stepanov,Google,EvgeniyStepanov.html
Ehsan Variani,Google,EhsanVariani.html
Nemanja Petrovic,Google,author4496.html
Kazoo Sone,Google,106488.html
Mitch Hatscher,Google,author36188.html
Erich Elsen,Google,ErichElsen.html
Charles DuHadway,Google,CharlesDuHadway.html
Eddie Pettis,Google,EddiePettis.html
Rafael Müller,Google,RafaelMuller.html
Ankur Bapna,Google,105376.html
Ian Tenney,Google,IanTenney.html
Feng Lu,Google,FengLu.html
Kshipra Bhawalkar,Google,KshipraBhawalkar.html
Benedikt Meurer,Google,BenediktMeurer.html
Sanketh Shetty,Google,SankethShetty.html
Jeremy Rahe,Google,JeremyRahe.html
James B. Wendt,Google,JamesWendt.html
Matthias Ruhl,Google,author106.html
Jonathan Berant,Google,105830.html
Ioannis Tsochantaridis,Google,author1929.html
Lluis Garcia-Pueyo,Google,LluisGarciaPueyo.html
David Wetherall,Google,105021.html
Andrew Harp,Google,AndrewHarp.html
Stéphane Lafon,Google,author22372.html
Maxwell D. Collins,Google,105452.html
Aditi Viswanathan,Google,106661.html
Hyrum Wright,Google,HyrumWright.html
Laszlo Szekeres,Google,LaszloSzekeres.html
Avneesh Sud,Google,105052.html
John D. Perreault,Google,JohnPerreault.html
Richard Rose,Google,104847.html
Shankar Kumar,Google,author3286.html
Noah Snavely,Google,105910.html
Ian Langmore,Google,IanLangmore.html
Mateusz Malinowski,Google,MateuszMalinowski.html
David Steiner,Google,106387.html
Yasaman Bahri,Google,YasamanBahri.html
Erika Rice Scherpelz,Google,author22638.html
David Thau,Google,author58089.html
Alexei Czeskis,Google,AlexeiCzeskis.html
Dan Ellis,Google,DanEllis.html
Sagi Perel,Google,SagiPerel.html
Fei Xiao,Google,FeiXiao.html
Mike Schuster,Google,MikeSchuster.html
Jess Holbrook,Google,JessHolbrook.html
Bridget Spitznagel,Google,BridgetSpitznagel.html
Yao-Chung Lin,Google,105633.html
Piotr Teterwak,Google,106108.html
Josh Bailey,Google,JoshBailey.html
Yun-hsuan Sung,Google,105458.html
Finnegan Southey,Google,author251.html
Kaveh Shahabi,Google,KavehShahabi.html
Peter Dienes,Google,author114.html
Adnan Ozturel,Google,104968.html
bertrand Le cun,Google,bertrandLecun.html
Gary R. Holt,Google,GaryHolt.html
Cheng Yi,Google,ChengYi.html
Radhika Niranjan Mysore,Google,RadhikaNiranjanMysore.html
Andre Gaschler,Google,AndreGaschler.html
Vincent Simonet,Google,VincentSimonet.html
Pradyumna Narayana,Google,PradyumnaNarayana.html
Ekaterina Gonina,Google,105535.html
Dana Movshovitz-Attias,Google,DanaMovshovitzAttias.html
Eugene Weinstein,Google,EugeneWeinstein.html
Nicolas Remy,Google,NicolasRemy.html
Srinivas Vasudevan,Google,SrinivasVasudevan.html
Christopher Olah,Google,ChristopherOlah.html
Ye Jia,Google,YeJia.html
Le Zhao,Google,LeZhao.html
Yasemin Altun,Google,105781.html
Charles Reis,Google,author37904.html
Zan Armstrong,Google,106275.html
Goetz Graefe,Google,105119.html
Jacques Pienaar,Google,JacquesPienaar.html
Kerry Rodden,Google,author16.html
Lauren Wilcox,Google,106542.html
Hugo Larochelle,Google,105144.html
Matthias Minderer,Google,MatthiasMinderer.html
Jon Feldman,Google,jonfeld.html
Ted Baltz,Google,105016.html
Andreas Moser,Google,AndreasMoser.html
Joe Gregorio,Google,author39201.html
Ivan Bogatyy,Google,IvanBogatyy.html
Carrie Grimes Bostock,Google,author31907.html
Chad Yoshikawa,Google,author38400.html
Nishant Patil,Google,NishantPatil.html
Monica Dinculescu,Google,106355.html
Juergen Sturm,Google,JuergenSturm.html
Yongwei Yang,Google,YongweiYang.html
Anand Kanagala,Google,AnandKanagala.html
Cayden Meyer,Google,106281.html
Anne-Claire Haury,Google,106232.html
Golan Pundak,Google,GolanPundak.html
Michael Abd-El-Malek,Google,MichaelAbdElMalek.html
Varun Gulshan,Google,105170.html
Jack Hebert,Google,JackHebert.html
Kathryn S. McKinley,Google,105267.html
Marc Najork,Google,MarcNajork.html
Olivia Redfield,Google,OliviaRhinehart.html
Chun-Ta Lu,Google,106420.html
Sergei Vassilvitskii,Google,SergeiVassilvitskii.html
Matthias Grundmann,Google,author38919.html
Nevan Wichers,Google,NevanWichers.html
Yin-Wen Chang,Google,105405.html
Fernando V. Bonassi,Google,FernandoBonassi.html
Jakub Łącki,Google,105517.html
Bryan Seybold,Google,105552.html
Adam Feldman,Google,AdamFeldman.html
Jahangir Hasan,Google,JahangirHasan.html
Wolfgang Grieskamp,Google,106394.html
Gilad Bracha,Google,105163.html
Michael Piatek,Google,MichaelPiatek.html
Tianli Yu,Google,author39635.html
Michael Bendersky,Google,MichaelBendersky.html
Luca Invernizzi,Google,104783.html
Behnam Bastani,Google,105498.html
Abhinav Shrivastava,Google,AbhinavShrivastava.html
Ramón Medrano Llamas,Google,RamonMedranoLlamas.html
Jay Busch,Google,106668.html
Kayur Patel,Google,KayurPatel.html
Ignacio Lopez Moreno,Google,IgnacioLopezMoreno.html
Gaurav Singh Tomar,Google,GauravSinghTomar.html
Mohammad Sajjad Hossain,Google,MohammadHossain.html
Rong Liu,Google,106344.html
Yuan Yu,Google,104812.html
Dustin Tran,Google,105674.html
Jacob Devlin,Google,106320.html
Weisi Dai,Google,WeisiDai.html
Flavien Prost,Google,FlavienProst.html
Ariel Gordon,Google,ArielGordon.html
Samuel L. Smith,Google,SamuelLSmith.html
Praveen Paritosh,Google,PraveenParitosh.html
Yue Chen,Google,106114.html
Ananth Raghunathan,Google,AnanthRaghunathan.html
Minmin Chen,Google,106011.html
Evgeniy Gabrilovich,Google,EvgeniyGabrilovich.html
Terry Lam,Google,TerryLam.html
Liviu Panait,Google,author35544.html
Oleksandr Zinenko,Google,OleksandrZinenko.html
Shuyuan Zhang,Google,ShuyuanZhang.html
Igor Naverniouk,Google,IgorNaverniouk.html
Mohsen Vakilian,Google,MohsenVakilian.html
Trevor Gale,Google,TrevorGale.html
Mike Tyka,Google,MikeTyka.html
Bhargav Kanagal,Google,BhargavKanagal.html
Denton Gentry,Google,DentonGentry.html
Rupa Krishnan,Google,RupaKrishnan.html
Telmo Pires,Google,telmo.html
Slav Petrov,Google,author38945.html
Tianjian Lu,Google,105395.html
Andrea Spadaccini,Google,AndreaSpadaccini.html
Tiziana Refice,Google,author38914.html
Jayanthkumar Kannan,Google,JayanthkumarKannan.html
Arran Schlosberg,Google,ArranSchlosberg.html
Abhinandan Das,Google,author7822.html
Rui Zhao,Google,RuiZhao.html
Oscar Täckström,Google,oscart.html
Avinatan Hassidim,Google,105831.html
Tomáš Ižo,Google,TomasIzo.html
Sagar Jain,Google,105630.html
Vitaly Feldman,Google,VitalyFeldman.html
Françoise Beaufays,Google,author21120.html
Rina Panigrahy,Google,105816.html
David Akers,Google,DavidAkers.html
Cliff Sze,Google,CliffSze.html
Xin Luna Dong,Google,XinDong.html
Jennifer Petoff,Google,JenniferPetoff.html
Alexander Gruenstein,Google,author39407.html
Chris Bregler,Google,ChrisBregler.html
Gamaleldin Fathy Elsayed,Google,GamaleldinFathyElsayed.html
Paul J. Turner,Google,author31565.html
Yin Cui,Google,YinCui.html
Seth Ladd,Google,SethLadd.html
Sara Sabour,Google,105557.html
David F. Bacon,Google,DavidFBacon.html
Andy Davis,Google,104876.html
Keren Gu,Google,KerenGu.html
Todd Phillips,Google,ToddPhillips.html
Raziel Alvarez,Google,RazielAlvarez.html
Bernhard Friedrich Brodowsky,Google,106359.html
Karol Hausman,Google,106013.html
Bart Samwel,Google,BartSamwel.html
Scott Satkin,Google,ScottSatkin.html
Dale Woodford,Google,DaleWoodford.html
Chinnadhurai Sankar,Google,106364.html
Roee Aharoni,Google,RoeeAharoni.html
Utku Evci,Google,UtkuEvci.html
Gokhan Tur,Google,104928.html
David Mease,Google,DavidMease.html
Xiaoqiang Zheng,Google,XiaoqiangZheng.html
Dina Papagiannaki,Google,105042.html
Christine Maiquyen Luu,Google,106354.html
Alireza Ghaffarkhah,Google,105232.html
Vighnesh Birodkar,Google,VighneshBirodkar.html
Jonathan B. Phillips,Google,106283.html
Gabriel Ilharco Magalhaes,Google,106079.html
Niels Provos,Google,author1.html
Jennifer L. Gove,Google,JenniferGove.html
Chen Gu,Google,ChenGu.html
Soheil Hassas Yeganeh,Google,105125.html
Alexander Gorban,Google,105189.html
Chris Alberti,Google,ChrisAlberti.html
Nikhil Sharma,Google,NikhilSharma.html
Ami Patel,Google,106431.html
Julie Cattiau,Google,106144.html
Rob Anderson,Google,RobAnderson.html
Sridhar Srinivasan,Google,SridharSrinivasan.html
Stefan Holmer,Google,StefanHolmer.html
Irwan Bello,Google,105476.html
Richard Chiburis,Google,RichardChiburis.html
Edgar A. Duéñez Guzmán,Google,EdgarADuenezGuzman.html
Yasuhisa Fujii,Google,YasuhisaFujii.html
Yuan Yuan,Google,YuanYuan.html
Nan Ding,Google,NanDing.html
Lode Vandevenne,Google,105856.html
Dan Steinberg,Google,DanSteinberg.html
Jarek Kusmierek,Google,JarekKusmierek.html
Johan G. Granstrom,Google,JohanGranstrom.html
Ryan Babbush,Google,RyanBabbush.html
Alexander De Luca,Google,AlexanderDeLuca.html
Huazhong Ning,Google,HuazhongNing.html
Jakub Konecny,Google,JakubKonecny.html
Stéphane Soppera,Google,106234.html
Hugues Hoppe,Google,HuguesHoppe.html
Amit Singhal,Google,author1461.html
Ilya Mironov,Google,IlyaMironov.html
Bor-Yiing Su,Google,BorYiingSu.html
Andrew Allen,Google,105668.html
Charles Spirakis,Google,author4946.html
Alan Skelley,Google,author39626.html
Eli Bendersky,Google,105251.html
Eirikur Agustsson,Google,EirikurAgustsson.html
Krzysztof Ostrowski,Google,author58206.html
Alexander D'Amour,Google,106470.html
Ulrich Rueckert,Google,106294.html
Carlos Riquelme,Google,CarlosRiquelme.html
Daniel V. Klein,Google,DanielKlein.html
Pararth Shah,Google,105118.html
Keun Soo Yim,Google,KeunYim.html
Cheng Li,Google,ChengLi.html
Martin Ortlieb,Google,MartinOrtlieb.html
Xiaohua Zhai,Google,105961.html
Daniel Smilkov,Google,DanielSmilkov.html
Michelle Dimon,Google,106404.html
Hui Miao,Google,106343.html
Olivier Siohan,Google,OlivierSiohan.html
Robert W. Reeder,Google,RobertReeder.html
Rohan Anil,Google,105802.html
Fernanda Viegas,Google,FernandaViegas.html
Bay-Wei Chang,Google,author100.html
Bruno Cartoni,Google,BrunoCartoni.html
Mehdi Sharifzadeh,Google,author17367.html
Olivier Pietquin,Google,105812.html
Xiangyu Wang,Google,XiangyuWang.html
Ta'id Holmes,Google,106170.html
Andrey Zhmoginov,Google,105447.html
Parisa Haghani,Google,106140.html
Vihan Jain,Google,VihanJain.html
Silvio Lattanzi,Google,SilvioLattanzi.html
Alexander Ku,Google,AlexanderKu.html
Ulan Degenbaev,Google,UlanDegenbaev.html
Rodrigo Damazio,Google,author36256.html
Ashish Raniwala,Google,author12700.html
Sean Blaes,Google,SeanBlaes.html
Boris Smus,Google,BorisSmus.html
George Foster,Google,GeorgeFoster.html
Sergei Glazunov,Google,SergeiGlazunov.html
Robert Dadashi,Google,RobertDadashi.html
Chanwoo Kim,Google,105202.html
John S. Webb,Google,JohnWebb.html
Naeem Esfahani,Google,105374.html
Yury Pisarchyk,Google,YuryPisarchyk.html
Ehud Rivlin,Google,106052.html
Marc Nunkesser,Google,MarcNunkesser.html
Quan Geng,Google,QuanGeng.html
Robert Spalek,Google,author36204.html
Vitaly Nikolaev,Google,105832.html
Rastislav Lenhardt,Google,RastislavLenhardt.html
Maya Gupta,Google,MayaGupta.html
Ken Dauber,Google,author36290.html
Michael Vrable,Google,MichaelVrable.html
Hugo Penedones,Google,HugoPenedones.html
Andrea Knight,Google,author11433.html
Svilen Kanev,Google,SvilenKanev.html
Xiaojun Bi,Google,XiaojunBi.html
Thomas Deselaers,Google,ThomasDeselaers.html
Isabelle Stanton,Google,IsabelleStanton.html
Marko Ivanković,Google,105427.html
Radek Vingralek,Google,RadekVingralek.html
Emily Stark,Google,EmilyStark.html
Marlos C. Machado,Google,106703.html
Bradley Taylor,Google,author70.html
Kentaro Hara,Google,105953.html
JJ Lueck,Google,JJLueck.html
Daisy Stanton,Google,DaisyStanton.html
Harish Chandran,Google,HarishChandran.html
Effrosyni Kokiopoulou,Google,EffrosyniKokiopoulou.html
Noor Ali-Hasan,Google,NoorAliHasan.html
Vasil S. Denchev,Google,VasilDenchev.html
Josh Levenberg,Google,JoshLevenberg.html
Edward K. Smith,Google,105357.html
Ari Morcos,Google,AriMorcos.html
Robert Griesemer,Google,author96.html
Yuxue Jin,Google,104888.html
Janne Kontkanen,Google,JanneKontkanen.html
Vincent Wan,Google,VincentWan.html
Daniel von Dincklage,Google,author36313.html
Roy Tromble,Google,author37739.html
You (Will) Wu,Google,YouWillWu.html
Seungyeon Kim,Google,SeungyeonKim.html
Rahul Gupta,Google,RahulGupta.html
Akosua Busia,Google,AkosuaBusia.html
Daniel Hewlett,Google,DanielHewlett.html
Arnaud Sahuguet,Google,author2704.html
Andrei Kulik,Google,AndreiKulik.html
Michael Burrows,Google,author24014.html
Timur Iskhodzhanov,Google,TimurIskhodzhanov.html
Hee Jung Ryu,Google,HeeJungRyu.html
Jing Xie,Google,JingXie.html
Jessica Kirchner,Google,105265.html
Alexander Totok,Google,author13637.html
Ramakrishnan Srikant,Google,author888.html
Penporn Koanantakool,Google,PenpornKoanantakool.html
Jennifer N. Wei,Google,JenniferNWei.html
Kunal Taneja,Google,KunalTaneja.html
Hyduke Noshadi,Google,HydukeNoshadi.html
Clement Courbet,Google,ClementCourbet.html
Raghav Gupta,Google,105623.html
Aurko Roy,Google,105555.html
Goran Petrovic,Google,GoranPetrovic.html
Qifan Wang,Google,104973.html
Marc Berndl,Google,105333.html
Bob Felderman,Google,BobFelderman.html
Anelia Angelova,Google,AneliaAngelova.html
Jichuan Chang,Google,JichuanChang.html
Alfred Z. Spector,Google,AlfredSpector.html
Lieven Verslegers,Google,LievenVerslegers.html
Yaowu Xu,Google,author39741.html
Trieu H. Trinh,Google,105913.html
John Paul Alex,Google,106266.html
Maryam Kamvar,Google,author34.html
Davi de Castro Reis,Google,author17772.html
Laurent Dinh,Google,105938.html
Will Hayworth,Google,106584.html
Minghui Shi,Google,MinghuiShi.html
Rahul Garg,Google,105675.html
Chris Chapman,Google,ChrisChapman.html
Daniel Keysers,Google,DanielKeysers.html
Claudio Criscione,Google,ClaudioCriscione.html
Lukas Weichselbaum,Google,LukasWeichselbaum.html
Daniel S. Park,Google,106098.html
Alexandros Andre Chaaraoui,Google,AlexandrosAndreChaaraoui.html
Keon Jang,Google,104841.html
Mark Woodward,Google,MarkWoodward.html
Illia Polosukhin,Google,IlliaPolosukhin.html
Jeff Shute,Google,JeffShute.html
Bhaskar Mehta,Google,author36288.html
Jianing Wei,Google,106436.html
Vahid Kazemi,Google,105229.html
Moustafa A. Hammad,Google,hammad.html
Krishnendu Chaudhury (aka Krish Chaudhury),Google,author4594.html
Colin Evans,Google,105162.html
Evan Leonard,Google,EvanLeonard.html
Christine Robson,Google,ChristineRobson.html
Narayan Hegde,Google,NarayanHegde.html
Alan Su,Google,author8080.html
Eric Tune,Google,EricTune.html
Balint Miklos,Google,BalintMiklos.html
Priyam Dutta,Google,106503.html
Patrick Hummel,Google,PatrickHummel.html
Nathan Coehlo,Google,NathanCoehlo.html
Rebecca Isaacs,Google,RebeccaIsaacs.html
Jarrod R. McClean,Google,JarrodRMcClean.html
Tanvir Amin,Google,TanvirAmin.html
Jindong (JD) Chen,Google,JindongJDChen.html
Maria-Ines Carrera,Google,MariaInesCarrera.html
Sneha Reddy Kudugunta,Google,SnehaReddyKudugunta.html
Mahesh Palekar,Google,author19677.html
Shixiang (Shane) Gu,Google,104824.html
Andrew Widdowson,Google,AndrewWiddowson.html
Geoffrey E. Hinton,Google,GeoffreyHinton.html
Richard M. Conlan,Google,author37974.html
Neha Nayak,Google,105514.html
Rafael Fernández-Moctezuma,Google,rfernand.html
Dillon Sharlet,Google,105641.html
Doug Kwan,Google,DougKwan.html
Pavel Sountsov,Google,PavelSountsov.html
Brendan Jou,Google,BrendanJou.html
Joseph Kelly,Google,105884.html
Chris Frost,Google,ChrisFrost.html
Emily Pitler,Google,EmilyPitler.html
Francois Belletti,Google,105871.html
Yuan Wang,Google,YuanWang.html
Stephan Hoyer,Google,StephanHoyer.html
Mustafa Emre Acer,Google,MustafaEmreAcer.html
Pasindu De Silva,Google,PasinduDeSilva.html
Elizabeth Churchill,Google,104978.html
Ozan Cakmakci,Google,OzanCakmakci.html
Shabsi Walfish,Google,author38489.html
David L. Presotto,Google,author4927.html
Rob Clark,Google,105453.html
Laura Vardoulakis,Google,105160.html
Fred Bertsch,Google,FredBertsch.html
Damien Desfontaines,Google,DamienDesfontaines.html
Petar Aleksic,Google,105201.html
Min Wang,Google,MinWang.html
Stefano Mazzocchi,Google,StefanoMazzocchi.html
Anna Turner,Google,105294.html
Xiaobo Fan,Google,author18272.html
Ott Tinn,Google,OttTinn.html
Krzysztof Kotowicz,Google,105418.html
Carl Staelin,Google,author58254.html
Nav Jagpal,Google,NavJagpal.html
David A. Ross,Google,author23969.html
Amelia Archer,Google,AmeliaArcher.html
D. Sculley,Google,author38217.html
Anthony Francis,Google,author35466.html
Marc Pickett,Google,MarcPickett.html
Mark S. Miller,Google,author35958.html
Sebastian Lekies,Google,105465.html
Aleksey Boyko,Google,105319.html
Negin (Nicki) Golrezaei,Google,105556.html
Jun Xu,Google,author857.html
Yuchung Cheng 鄭又中,Google,author27276.html
Thomas Colthurst,Google,105011.html
Timothy Yang,Google,TimothyYang.html
Jennifer Zamora,Google,105314.html
Emmanuel Guere,Google,105186.html
Michael Tseng,Google,MichaelTseng.html
Jie Tan,Google,JieTan.html
George Toderici,Google,author38233.html
Paul Barham,Google,PaulBarham.html
Irippuge Milinda Perera,Google,106245.html
Felicia S. C. Lim,Google,FeliciaLim.html
Louis Wasserman,Google,LouisWasserman.html
Haim Kaplan,Google,105855.html
Gabriel Kliot,Google,104797.html
Alok Kumar,Google,AlokKumar.html
David Martin,Google,DavidMartin.html
Marina Kobayashi,Google,MarinaKobayashi.html
Blake Lemoine,Google,106471.html
James Laudon,Google,JamesLaudon.html
Martin Wattenberg,Google,MartinWattenberg.html
Stephanie C.Y. Chan,Google,106100.html
Jeff Bailey,Google,JeffBailey.html
Leonid Velikovich,Google,LeonidVelikovich.html
Dylan Freedman,Google,DylanFreedman.html
Austin Waters,Google,AustinWaters.html
Jouni Kerman,Google,JouniKerman.html
Chandler Carruth,Google,ChandlerCarruth.html
Robert E. Gruber,Google,author32266.html
Vineet Gupta,Google,author71.html
John DeNero,Google,author38952.html
Ruiqi Guo,Google,105540.html
Ashok Popat,Google,105431.html
Arvind Neelakantan,Google,ArvindNeelakantan.html
Prajit Ramachandran,Google,106331.html
Manoj Plakal,Google,author8115.html
Emerson Murphy-Hill,Google,EmersonMurphyHill.html
Wei Zhang,Google,WeiZhang.html
Alejandro Estrella-Balderrama,Google,104810.html
Håkan L. S. Younes,Google,author36212.html
Pawel Lichocki,Google,PawelLichocki.html
Tyler Akidau,Google,TylerAkidau.html
Tom Kenter,Google,TomKenter.html
Damien Kelly,Google,DamienKelly.html
Kellie Webster,Google,KellieWebster.html
Barclay Osborn,Google,BarclayOsborn.html
Mykhaylo Andriluka,Google,MykhayloAndriluka.html
Felix X. Yu,Google,FelixYu.html
Michael Cohen,Google,MichaelCohen.html
Sean Dorward,Google,author95.html
Dravyansh Sharma,Google,106075.html
Ellie Pavlick,Google,106265.html
Bram Bonné,Google,BramBonne.html
Cliff Young,Google,105499.html
Gil Shamir,Google,GilShamir.html
Jiecao Chen,Google,106459.html
Ryohei Urata,Google,RyoheiUrata.html
K. Shirriff,Google,author144.html
Anne Aula,Google,author35667.html
Pushkar Tripathi,Google,PushkarTripathi.html
Vincent Perot,Google,VincentPerot.html
Marina Ganea,Google,105414.html
Pierre Sermanet,Google,PierreSermanet.html
Diego Ardila,Google,105338.html
Matt Welsh,Google,author672.html
Ravi Jain,Google,author139.html
Man Kit (Joe) Cheuk,Google,106638.html
Jayant Madhavan,Google,author6192.html
Tushar Deepak Chandra,Google,author3563.html
Ido Cohn,Google,IdoCohn.html
Viren Jain,Google,VirenJain.html
Ting Liu,Google,105496.html
Cory McLean,Google,CoryMcLean.html
Urvang Joshi,Google,UrvangJoshi.html
Mandy Guo,Google,106370.html
Joe Jiang,Google,JoeJiang.html
Rasmus Munk Larsen,Google,106446.html
Jan Wassenberg,Google,JanWassenberg.html
Aaron Sedley,Google,AaronSedley.html
Bartosz Przydatek,Google,BartoszPrzydatek.html
Austin Fowler,Google,105043.html
Zoran Dimitrijević,Google,author1794.html
Ray Smith,Google,author4479.html
Pranav Khaitan,Google,106395.html
Max Moroz,Google,MaxMoroz.html
Ryan Poplin,Google,105518.html
Eric Battenberg,Google,EricBattenberg.html
Sanjiv Kumar,Google,author11555.html
David Majnemer,Google,105429.html
JC van Winkel,Google,105254.html
Rachel Potvin,Google,104817.html
Wiesner Vos,Google,WiesnerVos.html
Niru Maheswaranathan,Google,105568.html
Tingnan Zhang,Google,TingnanZhang.html
Hailong Cai,Google,author36275.html
Samuel J. Yang,Google,105801.html
Xiaozhou Li,Google,XiaozhouLi.html
Jie Jessie Ren,Google,JieJessieRen.html
Sam Whittle,Google,SamWhittle.html
Lukasz Kaiser,Google,LukaszKaiser.html
Dror Aiger,Google,DrorAiger.html
Benjamin Lee,Google,106519.html
Ondrej Sykora,Google,OndrejSykora.html
Shailesh Kumar,Google,ShaileshKumar.html
Nitin Gupta,Google,nigupta.html
Patrick Copeland,Google,PatrickCopeland.html
Bin Shen,Google,BinShen.html
John Field,Google,JohnField.html
Li Zhang,Google,LiZhang.html
Masrour Zoghi,Google,MasrourZoghi.html
Jan Pfeifer,Google,105488.html
Sowmya Karunakaran,Google,104949.html
Rohit Jnagal,Google,105454.html
Albert Cohen,Google,106208.html
Ted Hardie,Google,TedHardie.html
Thomas C. Walters,Google,author38237.html
Luke Church,Google,LukeChurch.html
Marija Mikic-Rakic,Google,author17372.html
Tamas Sarlos,Google,TamasSarlos.html
Marius Pasca,Google,author107.html
Henrik Stewénius,Google,author39342.html
Azalia Mirhoseini,Google,105104.html
Arnar Birgisson,Google,ArnarBirgisson.html
Niket Agarwal,Google,NiketAgarwal.html
Julius Adebayo,Google,105929.html
Johnny Chung Lee,Google,105767.html
Pete Warden,Google,PeteWarden.html
David Sussillo,Google,DavidSussillo.html
Xiao Yu,Google,104818.html
Xuanhui Wang,Google,XuanhuiWang.html
Cédric Deltheil,Google,CedricDeltheil.html
Oskar Sandberg,Google,author38476.html
Decheng Dai,Google,DechengDai.html
John Wilkes,Google,JohnWilkes.html
Wei Wei,Google,105672.html
Oriol Vinyals,Google,OriolVinyals.html
Marc Donner,Google,author36270.html
Olivier Bousquet,Google,OlivierBousquet.html
Sebastian Kirsch,Google,SebastianKirsch.html
Robert Ormandi,Google,RobertOrmandi.html
Cong Yu,Google,CongYu.html
Ana Radovanovic,Google,AnaRadovanovic.html
Stefan Hinterstoisser,Google,StefanHinterstoisser.html
Satyen Kale,Google,105054.html
Heng-Tze Cheng,Google,Heng-TzeCheng.html
Po-Hsuan Cameron Chen,Google,PoHsuanCameronChen.html
Eduard Trulls,Google,EduardTrulls.html
Josh Hyman,Google,author36123.html
Dmitry Storcheus,Google,DmitryStorcheus.html
Mohammad Taghi Saffar,Google,106673.html
Geoffrey Irving,Google,GeoffreyIrving.html
Aakanksha Chowdhery,Google,105776.html
Robert Hundt,Google,author38135.html
Javier Tordable,Google,JavierTordable.html
Kenton Lee,Google,KentonLee.html
Nikhil Rao,Google,author39222.html
Philip Quinn,Google,PhilipQuinn.html
Honglak Lee,Google,105654.html
Zhongyi (Cherie) Shi,Google,105287.html
Ravi Kumar,Google,RaviKumar.html
Alexandre Tachard Passos,Google,AlexandreTachardPassos.html
Xiao Zhang,Google,XiaoZhang.html
Hrishikesh Aradhye,Google,author37818.html
Jeremy Ginsberg,Google,author15407.html
Arno Eigenwillig,Google,author39322.html
Alex Wiltschko,Google,105779.html
Sara Hooker,Google,SaraHooker.html
Edward E. Aftandilian,Google,EdwardAftandilian.html
Klaus Macherey,Google,author29100.html
Leif Johnson,Google,LeifJohnson.html
Russell Lee-Goldman,Google,105263.html
Úlfar Erlingsson,Google,ulfar.html
Liu Yang,Google,LiuYang.html
Robert Bradshaw,Google,RobertBradshaw.html
Kurt Partridge,Google,105474.html
Thomas Mensink,Google,106396.html
Adrienne Porter Felt,Google,AdrienneFelt.html
Tony Gentilcore,Google,TonyGentilcore.html
Chenyang Zhang,Google,106481.html
Jana Iyengar,Google,JanaIyengar.html
Mohammed Attia,Google,105127.html
Shumeet Baluja,Google,author35.html
Kumar Krishna Agrawal,Google,105925.html
Rebecca Moore,Google,author36348.html
Annalisa Pawlosky,Google,106186.html
Sella Nevo,Google,SellaNevo.html
Michael Starzinger,Google,MichaelStarzinger.html
Jon Vaver,Google,105243.html
Jingning Han,Google,JingningHan.html
Sameer Agarwal,Google,author39771.html
Derek Zhiyuan Cheng,Google,ZhiyuanCheng.html
Bruno Possas,Google,BrunoPossas.html
Youlong Cheng,Google,106632.html
Yunfei Bai,Google,105569.html
Pascal Getreuer,Google,PascalGetreuer.html
Joe Faith,Google,JoeFaith.html
Nick Black,Google,NickBlack.html
David Fork,Google,DavidFork.html
Xiaoxue Zhao,Google,XiaoxueZhao.html
Nithum Thain,Google,105662.html
Paul Covington,Google,PaulCovington.html
Beat Gfeller,Google,BeatGfeller.html
Paulo Braz Golgher,Google,author2732.html
Dmitry Vyukov,Google,DmitryVyukov.html
Tali Dekel,Google,106442.html
Suming Jeremiah Chen,Google,106522.html
Sandy Ritchie,Google,106369.html
Yun-Ta Tsai,Google,105312.html
Eyal Carmi,Google,EyalCarmi.html
Greg Kochanski,Google,105545.html
Lin Liao,Google,author16399.html
Georg M. Goerg,Google,GeorgGoerg.html
Mirjam Wattenhofer,Google,MirjamWattenhofer.html
Dustin Zelle,Google,106375.html
Jeffrey C. Mogul,Google,JeffreyMogul.html
Paul Nordstrom,Google,PaulNordstrom.html
Andy Zeng,Google,AndyZeng.html
Justin McWilliams,Google,JustinMcWilliams.html
Kevin S. McCurley,Google,author89.html
Dan Zigmond,Google,DanZigmond.html
Zhang Jiang,Google,105870.html
Ian Simon,Google,104882.html
Isin Demirsahin,Google,105840.html
Lawrence Ying,Google,LawrenceYing.html
Aniket Mokashi,Google,AniketMokashi.html
Lucas Beyer,Google,LucasBeyer.html
Oran Lang,Google,105975.html
Lechao Xiao,Google,105681.html
Aditya Paliwal,Google,AdityaPaliwal.html
Neal Cardwell,Google,NealCardwell.html
Amir Yazdanbakhsh,Google,106107.html
Philippe Hamel,Google,PhilippeHamel.html
Debargha Mukherjee,Google,105660.html
Yi Liu,Google,author4723.html
Wolfgang Macherey,Google,author7590.html
Caitlin Sadowski,Google,CaitlinSadowski.html
Robert Love,Google,author39633.html
Daniel Golovin,Google,DanielGolovin.html
Andrew Gallagher,Google,AndrewGallagher.html
Zoya Svitkina,Google,ZoyaSvitkina.html
Shanqing Cai,Google,105277.html
Chunhui Gu,Google,ChunhuiGu.html
Michal Jastrzebski,Google,MichalJastrzebski.html
George Dahl,Google,104884.html
Michael Rubinstein,Google,MichaelRubinstein.html
Fereshteh Sadeghi,Google,FereshtehSadeghi.html
Holger Rapp,Google,104853.html
Kostas Kollias,Google,KostasKollias.html
Xuezhi Wang,Google,105995.html
Brandon Yang,Google,106116.html
Chia-Kai Liang,Google,ChiaKaiLiang.html
Juri Ganitkevitch,Google,JuriGanitkevitch.html
David K. Rensin,Google,DavidRensin.html
Meire Fortunato,Google,MeireFortunato.html
Mei Han,Google,author13553.html
Pablo Samuel Castro,Google,105571.html
James J. Kuffner,Google,author39726.html
Gunjan Baid,Google,GunjanBaid.html
Daniel M. Russell,Google,author173.html
Alexander W. Blocker,Google,AlexanderBlocker.html
Luis Antonio Perez,Google,LuisAntonioPerez.html
Elin Rønby Pedersen,Google,author36234.html
Gurmeet Singh Manku,Google,author3591.html
Kai Kohlhoff,Google,KaiKohlhoff.html
Steven Hickson,Google,105942.html
Gleb Mazovetskiy,Google,GlebMazovetskiy.html
David Gallup,Google,DavidGallup.html
Vijay Vasudevan,Google,VijayVasudevan.html
Quan Nguyen,Google,QuanNguyen.html
Zachary Nado,Google,ZacharyNado.html
Jiongxin Jin,Google,JiongxinJin.html
Ke Hu,Google,106652.html
Zvika Ben-Haim,Google,author58038.html
Adam Roberts,Google,104881.html
Jhilmil Jain,Google,JhilmilJain.html
Alexander Gutkin,Google,AlexanderGutkin.html
William T. Freeman,Google,WilliamTFreeman.html
Scott Schwartz,Google,ScottSchwartz.html
Aaron Cheang,Google,AaronCheang.html
David Morris Hoffman,Google,DavidMorrisHoffman.html
Ekaterina Ignasheva,Google,106411.html
Xiaoqiang Luo,Google,XiaoqiangLuo.html
Michael Dikovsky,Google,106658.html
Peng Xu,Google,PengXu.html
Paul (Tony) Watson,Google,PaulWatson.html
Vijay Vusirikala,Google,VijayVusirikala.html
Juan Antonio Elices Crespo,Google,105269.html
Parthasarathy Ranganathan,Google,ParthasarathyRanganathan.html
Andrew Hard,Google,106203.html
Evgeny Skvortsov,Google,EvgenySkvortsov.html
Amr Ahmed,Google,AmrAhmed.html
Chandrasekhar Boyapati,Google,ChandrasekharBoyapati.html
Derek G. Murray,Google,DerekMurray.html
Michael Dietz,Google,MichaelDietz.html
Ameesh Makadia,Google,AmeeshMakadia.html
Henry A. Rowley,Google,author37.html
David Pal,Google,DavidPal.html
Dara Bahri,Google,DaraBahri.html
Olga Wichrowska,Google,OlgaWichrowska.html
Jay Yagnik,Google,author36197.html
Hao Zhang,Google,HaoZhang.html
Liang-Chieh Chen,Google,105586.html
Wei Li,Google,WeiLi.html
Thad Hughes,Google,author37811.html
Patrick Bowen,Google,PatrickBowen.html
Zhen Li,Google,ZhenLi.html
Uri Lerner,Google,UriLerner.html
Richard Hay,Google,author39232.html
Julius Kammerl,Google,JuliusKammerl.html
Emmanuel Mogenet,Google,EmmanuelMogenet.html
Roy Want,Google,RoyWant.html
Aranyak Mehta,Google,author31656.html
Michael Ringgaard,Google,author38358.html
Abhishek Kumar,Google,author20028.html
Kun Lin,Google,KunLin.html
Hongil Yoon,Google,HongilYoon.html
Vignesh Ganapathy,Google,VigneshGanapathy.html
Ilan Horn,Google,author38460.html
Aaron D'Souza,Google,author44.html
Milo Martin,Google,104802.html
Victor Carbune,Google,104909.html
Liang Jia,Google,LiangJia.html
Michael DeWitt,Google,MichaelDeWitt.html
Shumin Zhai,Google,author9128.html
David Belanger,Google,105401.html
Konstantinos Bousmalis,Google,KonstantinosBousmalis.html
Sam Sudar,Google,SamSudar.html
Manan Shah,Google,MananShah.html
Mohamed Elfeky,Google,MohamedElfeky.html
Jing Conan Wang,Google,JingConanWang.html
Michal Segalov,Google,MichalSegalov.html
Andrew Tomkins,Google,author8038.html
Liz Looney,Google,LizLooney.html
Theresa Breiner,Google,106306.html
Jeffrey Sorensen,Google,author14753.html
Vincent Vanhoucke,Google,VincentVanhoucke.html
(June) Yuan Shangguan,Google,105946.html
Ankur Parikh,Google,104995.html
Moheeb Abu Rajab,Google,MoheebAbuRajab.html
Jarek Wilkiewicz,Google,JarekWilkiewicz.html
Subhodeep Moitra,Google,SubhodeepMoitra.html
Mosha Pasumansky,Google,MoshaPasumansky.html
Jannis Bulian,Google,JannisBulian.html
Marcel Hlopko,Google,MarcelHlopko.html
Betsy (Adrienne Elizabeth) Beyer,Google,105156.html
Vivek Kwatra,Google,author38000.html
Qiqi Yan,Google,QiqiYan.html
Mehryar Mohri,Google,author122.html
Adam Bloniarz,Google,106570.html
Hao-Tien Lewis Chiang,Google,HaoTienLewisChiang.html
Ian Lance Taylor,Google,author37504.html
Collin Winter,Google,CollinWinter.html
Andrew T. Miller,Google,author4552.html
Yoshikiyo Kato,Google,105749.html
Jai Gupta,Google,106128.html
Pavel Simakov,Google,PavelSimakov.html
Chris Quintana,Google,ChrisQuintana.html
Yael Pritch Knaan,Google,106214.html
Julian Kelly,Google,105027.html
Mahima Pushkarna,Google,MahimaPushkarna.html
Tsuwei Chen,Google,TsuweiChen.html
Zhe Li,Google,106031.html
Casey Whitelaw,Google,author18680.html
Michal Lukasik,Google,MichalLukasik.html
Michael Stay,Google,stay.html
SHEN-FU TSAI,Google,106263.html
Marcus Fontoura,Google,author17919.html
Gang Li,Google,GangLi.html
Ankur Taly,Google,AnkurTaly.html
Matthieu Geist,Google,106211.html
Ruofei Du,Google,RuofeiDu.html
Ivan Grishchenko,Google,IvanGrishchenko.html
Hongbo Deng,Google,105274.html
Sen Zhao,Google,105233.html
Matt Pharr,Google,MattPharr.html
Vinodkumar Prabhakaran,Google,VinodkumarPrabhakaran.html
Lev Shamardin,Google,105327.html
Mohamed Elhawary,Google,author39411.html
Jiquan Ngiam,Google,105768.html
Muthian Sivathanu,Google,author12741.html
Shuguang Han,Google,106353.html
Dale Schuurmans,Google,DaleSchuurmans.html
Panayiotis Mavrommatis,Google,author35847.html
Etienne Pot,Google,105559.html
Ryan Sepassi,Google,105742.html
Jeffrey van Gogh,Google,JeffreyvanGogh.html
Gregory Collins,Google,author58033.html
Ananya Misra,Google,AnanyaMisra.html
Jen Tong,Google,mimming.html
Mor Geva,Google,106239.html
Pieter-jan Kindermans,Google,105533.html
Qi Zhao,Google,105570.html
Khe Chai Sim,Google,105905.html
Peter Norgaard,Google,PeterNorgaard.html
Knot Pipatsrisawat,Google,KnotPipatsrisawat.html
Michael Gygli,Google,105744.html
Zhifeng Chen,Google,author8126.html
David Huffaker,Google,DavidHuffaker.html
Andrea Gesmundo,Google,AndreaGesmundo.html
Ben L. Titzer,Google,BenTitzer.html
Christopher Semturs,Google,ChristopherSemturs.html
Sergio Guadarrama,Google,105009.html
Idan Szpektor,Google,105847.html
Matthew Streeter,Google,author38369.html
Wei Ding,Google,106053.html
Jennifer Wang,Google,JenniferWang.html
Brad Penoff,Google,BradPenoff.html
Dvir Kafri,Google,DvirKafri.html
William D Heavlin,Google,WilliamHeavlin.html
Christian Buck,Google,ChristianBuck.html
Martin Wicke,Google,MartinWicke.html
Evangelos Kanoulas,Google,EvangelosKanoulas.html
Sebastian Krause,Google,SebastianKrause.html
Denny Vrandečić,Google,vrandecic.html
Sai Teja Peddinti,Google,SaiPeddinti.html
Michael De Rosa,Google,MichaelDeRosa.html
Neil Fraser,Google,author38488.html
Melvin Johnson,Google,105147.html
David X. Chan,Google,DavidChan.html
Supheakmungkol Sarin,Google,105900.html
Hank Liao,Google,author37501.html
Younghee Kwon,Google,YoungheeKwon.html
Niall Murphy,Google,NiallMurphy.html
Ricardo A Garcia,Google,106020.html
Sudheendra Vijayanarasimhan,Google,105363.html
Renaud Hartert,Google,105397.html
Chen Wang,Google,ChenWang.html
Naty Leiser,Google,NatyLeiser.html
Jay Adams,Google,JayAdams.html
Lamtharn (Hanoi) Hantrakul,Google,106121.html
Anton Geraschenko,Google,106543.html
Saurabh Kumar,Google,106077.html
Ali Mousavi,Google,AliMousavi.html
Nithya Sambasivan,Google,NithyaSambasivan.html
Martin Jansche,Google,author35845.html
Paolo M Piselli,Google,PaoloMPiselli.html
Masoud Mohseni,Google,MasoudMohseni.html
Janak Ramakrishnan,Google,JanakRamakrishnan.html
Mohammadhossein Bateni,Google,bateni.html
Caroline Pantofaru,Google,CarolinePantofaru.html
Caglar Gulcehre,Google,105702.html
Debidatta Dwibedi,Google,DebidattaDwibedi.html
Sami Boukortt,Google,SamiBoukortt.html
Felipe Goldstein,Google,FelipeGoldstein.html
Hossein Ahmadi,Google,HosseinAhmadi.html
Atul Adya,Google,AtulAdya.html
Liqun Cheng,Google,LiqunCheng.html
David Soergel,Google,DavidSoergel.html
Lamia Youseff,Google,LamiaYouseff.html
Daniel Freedman,Google,DanielFreedman.html
Cristian Sminchisescu,Google,CristianSminchisescu.html
Michael Riley,Google,author125.html
Derek Schuff,Google,DerekSchuff.html
Heidi Lam,Google,author14918.html
Noel Gorelick,Google,author37653.html
Ron J. Weiss,Google,RonWeiss.html
Michael Fink,Google,author26.html
Shanxiang Qi,Google,ShanxiangQi.html
Boyang Deng,Google,BoyangDeng.html
Javier A. Bargas-Avila,Google,JavierBargasAvila.html
Jill Palzkill Woelfer,Google,JillWoelfer.html
Dario Freni,Google,DarioFreni.html
Vinay Rao,Google,106449.html
Oxana Comanescu,Google,106368.html
Nan Du,Google,104844.html
Matthew Simpson,Google,author36218.html
Daniel Freeman,Google,DanielFreeman.html
Anthony J. Nicholson,Google,author27277.html
Branislav Kveton,Google,106259.html
Changkyu Kim,Google,ChangkyuKim.html
Judy Chen,Google,JudyChen.html
James C. Corbett,Google,author39619.html
Qin Gao,Google,105154.html
Okan Kolak,Google,author2713.html
Bo Li,Google,BoLi.html
Eva Schlinger,Google,EvaSchlinger.html
Peter Norvig,Google,author205.html
Scott Wisdom,Google,ScottWisdom.html
Valey Kamalov,Google,ValeyKamalov.html
Rob Siemborski,Google,105237.html
Damon Kohler,Google,DamonKohler.html
Hassan Wassel,Google,HassanWassel.html
Moritz Hardt,Google,104937.html
Chung-Cheng Chiu,Google,ChungChengChiu.html
Pedro J. Moreno,Google,author5289.html
Yonathan Schwarzkopf,Google,YonathanSchwarzkopf.html
Izhak Shafran,Google,IzhakShafran.html
Shravan Rayanchu,Google,ShravanRayanchu.html
Domagoj Babic,Google,DomagojBabic.html
Jing (David) Dai,Google,JingDai.html
Dirk Balfanz,Google,DirkBalfanz.html
Jakob Uszkoreit,Google,author37567.html
Manish Purohit,Google,ManishPurohit.html
Sebastian Schnorf,Google,SebastianSchnorf.html
Hyoun Kyu Cho,Google,HyounKyuCho.html
Brian Patton,Google,105050.html
Andrew W. Moore,Google,author6411.html
Matthew Neeley,Google,MatthewNeeley.html
Lu Jiang,Google,LuJiang.html
Celal Ziftci,Google,104897.html
Katja Filippova,Google,author39008.html
Jascha Sohl-dickstein,Google,JaschaSohldickstein.html
Sujith Ravi,Google,SujithRavi.html
John Micco,Google,105187.html
Vijay Janapa Reddi,Google,105462.html
Vladimir Macko,Google,vlejd.html
